"term","freq"
"Hadopi",531
"Internet",493
"Haute Autorité",151
"Nicolas Sarkozy",132
"Monde",130
"Conseil",112
"Etat",106
"Web",100
"Assemblée",97
"UMP",90
"Parlement",86
"Google",82
"François Hollande",75
"République",71
"FAI",70
"Paris",69
"Commission",68
"Net",63
"Français",60
"Europe",57
"Parti",57
"Etats-Unis",54
"Sénat",54
"Elysée",49
"Haute",48
"Sarkozy",47
"Création",45
"Facebook",45
"Sacem",44
"Union",42
"Hollande",41
"Free",37
"Aurélie Filippetti",36
"CSA",36
"Twitter",36
"Dadvsi",34
"YouTube",34
"Lors",33
"Pierre Lescure",33
"Apple",32
"DVD",31
"Frédéric Mitterrand",31
"Etats",30
"Canal",29
"CNIL",29
"Martine Aubry",29
"Christine Albanel",28
"TVA",28
"Loppsi",27
"Cour",26
"Dailymotion",26
"Deezer",26
"Megaupload",26
"rapport Lescure",25
"Société",25
"Tunes",24
"Centre",23
"Orange",23
"Marie-Françoise Marais",22
"Téléchargement",22
"VOD",22
"Syndicat",21
"Arcep",20
"Conseil d'Etat",20
"Front",20
"Quadrature du Net",20
"Toile",20
"François Fillon",19
"Ségolène Royal",19
"DADVSI",18
"Eric Walter",18
"SNEP",18
"Autorité",17
"Franck Riester",17
"Microsoft",17
"PC Inpact",17
"Verts",17
"Amazon",16
"BitTorrent",16
"TMG",16
"Mireille Imbert-Quaretta",15
"Royaume-Uni",15
"Association",14
"Aubry",14
"Chine",14
"Eric Besson",14
"Internet Protocol",14
"Jacques Toubon",14
"Allemagne",13
"Découvrez",13
"Journal",13
"Marine Le Pen",13
"PDG",13
"Profitez",13
"Wi-Fi",13
"Anonymous",12
"Bruxelles",12
"François Bayrou",12
"Jack Lang",12
"Jean-François Copé",12
"Lemonde",12
"Libération",12
"mission Lescure",12
"ACTA",11
"Archives",11
"Arnaud Montebourg",11
"Christian Paul",11
"CNN",11
"Fédération",11
"Lionel Tardy",11
"MoDem",11
"PME",11
"PUR",11
"Yahoo",11
"Youtube",11
"Adami",10
"Bonjour",10
"CNC",10
"Corrèze",10
"CPD",10
"Denis Olivennes",10
"Grenelle",10
"HADOPI",10
"Jacques Chirac",10
"mission Zelnik",10
"Numerama",10
"Numericable",10
"Patrick Zelnik",10
"Renaud Donnedieu de Vabres",10
"RIAA",10
"SACD",10
"SCPP",10
"SFR",10
"Sony",10
"TNT",10
"Tribune",10
"Trident Media Guard",10
"Américains",9
"Echos",9
"Espagne",9
"Figaro",9
"Filippetti",9
"Fnac",9
"France Inter",9
"France Télécom",9
"Grande-Bretagne",9
"Guest",9
"Institut",9
"Jean-Luc Mélenchon",9
"Naïve",9
"Patrick Bloche",9
"Pod",9
"Point",9
"Spotify",9
"VPN",9
"Xavier Niel",9
"Avignon",8
"Belgique",8
"Bernard Kouchner",8
"Bourget",8
"commission Zelnik",8
"Concrètement",8
"Constitution",8
"Culture",8
"FBI",8
"Festival de Cannes",8
"Lescure",8
"Linux",8
"Londres",8
"Manuel Valls",8
"MegaUpload",8
"Mitterrand",8
"Nathalie Kosciusko-Morizet",8
"Nouvelle-Zélande",8
"Pascal Nègre",8
"Rapidshare",8
"rapport Zelnik",8
"Universal Music",8
"WikiLeaks",8
"AFP",7
"Agence",7
"America",7
"ARP",7
"Autrement",7
"Bercy",7
"Bernard Miyet",7
"Blu-Ray",7
"Congrès",7
"Dominique Strauss-Kahn",7
"France Télévisions",7
"François Mitterrand",7
"Le Pen",7
"Luxembourg",7
"Matignon",7
"Megavideo",7
"Musique",7
"Nantes",7
"Olivennes",7
"Réseau",7
"Seine-Saint-Denis",7
"Suède",7
"VLC",7
"April",6
"Arte",6
"Bayrou",6
"Cannes",6
"Catherine Trautmann",6
"Christian Vanneste",6
"David",6
"Deauville",6
"DNS",6
"EUCD",6
"FDN",6
"Fleur Pellerin",6
"Forum",6
"Ile-de-France",6
"Iran",6
"Jérémie Zimmermann",6
"Kosciusko-Morizet",6
"LCI",6
"Libye",6
"LimeWire",6
"Lionel Jospin",6
"Marais",6
"Moselle",6
"Mule",6
"Napster",6
"Netflix",6
"OTAN",6
"PRG",6
"rapport Olivennes",6
"Reporters",6
"Tardy",6
"UFC-Que",6
"Universal",6
"Alain Juppé",5
"Assises",5
"Aurélie Filipetti",5
"Aux Etats-Unis",5
"Belfort",5
"Bourreau-Guggenheim",5
"Carla Bruni",5
"CDD",5
"Christine Boutin",5
"Claude Guéant",5
"CNM",5
"Creative Commons",5
"DPI",5
"Effectivement",5
"Europe Ecologie-Les Verts",5
"Eva Joly",5
"Fayard",5
"Fillon",5
"Finlande",5
"Firefox",5
"France Culture",5
"Frédéric Lefebvre",5
"Guéant",5
"Guillaume Cerutti",5
"Imbert-Quaretta",5
"INTERNET",5
"Irlande",5
"Italie",5
"Jean-Luc Hees",5
"Jean-Marc Ayrault",5
"Louvre",5
"Maison",5
"Marc Guez",5
"Martine Billard",5
"Midem",5
"Ministre",5
"MTP",5
"Nicolas",5
"Nouvel Observateur",5
"Organisation",5
"PCF",5
"PCinpact",5
"Pen",5
"Phone",5
"Pierre",5
"Piratage",5
"Poste",5
"Presque",5
"Promotion",5
"RSF",5
"Saône-et-Loire",5
"Sotheby",5
"Télé",5
"The Pirate Bay",5
"Théâtre Marigny",5
"TorrentFreak",5
"UDF",5
"USB",5
"Vivendi",5
"Wikileaks",5
"XXIe",5
"Yvelines",5
"Agnan",4
"Albanel",4
"Arnaud Dassier",4
"ASIC",4
"BCE",4
"Bing",4
"Bordeaux",4
"Bouygues",4
"Bouygues Telecom",4
"Brice Hortefeux",4
"Canada",4
"CCI",4
"CDI",4
"Cécile Duflot",4
"Charles de Laubier",4
"Christophe Espern",4
"Cinéma",4
"Cité",4
"Code",4
"Collège de France",4
"Conformément",4
"Convention",4
"David Cameron",4
"Demain",4
"DRM",4
"Droit",4
"EELV",4
"Espagnols",4
"Essonne",4
"Europe Ecologie",4
"Express",4
"François",4
"François Hollande l'",4
"Françoise de Panafieu",4
"Godard",4
"Haute-Savoie",4
"Hémicycle",4
"Hexagone",4
"Hollywood",4
"IFPI",4
"Iliad",4
"INA",4
"Inria",4
"Jean-Michel Baylet",4
"Jérôme Bourreau-Guggenheim",4
"Jérôme Clément",4
"Joly",4
"Julian Assange",4
"Julien",4
"Kazaa",4
"Lancée",4
"Lancement de la mission Lescure",4
"Laure de la Raudière",4
"Ligue",4
"Lille",4
"Loi Hadopi",4
"LOPPSI",4
"Mal",4
"Mediafire",4
"MegaVideo",4
"Mélenchon",4
"Michael Jackson",4
"Miodownick",4
"Montebourg",4
"Mouvement",4
"Musée",4
"NDLR",4
"Nicolas Dupont-Aignan",4
"NKM",4
"OGM",4
"Olivier",4
"Olivier Schrameck",4
"Pad",4
"Palais-Bourbon",4
"Passe",4
"PC INpact",4
"PDG de la Fnac",4
"Personnellement",4
"Philippe Monfils",4
"PIB",4
"Pierre Moscovici",4
"Place",4
"Radio France",4
"Rapport Lescure",4
"Recording Industry Association",4
"René Dosière",4
"Riester",4
"RIPOSTE GRADUÉE",4
"RMC",4
"Royal",4
"Salon",4
"Sécurité",4
"Seine",4
"SEVN",4
"SMS",4
"Valls",4
"Warner",4
"Windows",4
"XXe",4
"ADSL",3
"AFA",3
"Afghanistan",3
"AIS",3
"Alain Minc",3
"Alexandra",3
"Alliance",3
"ALPA",3
"Amesys",3
"Ancien",3
"Anti-Counterfeiting Trade Agreement",3
"Ars Technica",3
"Atlantique",3
"Au Parti",3
"Au Sénat",3
"Audiovisuel",3
"Australie",3
"Avec Hadopi",3
"Avec Internet",3
"Bahreïn",3
"Banque",3
"Banque de France",3
"Barack Obama",3
"Bay",3
"BBC",3
"Benjamin Lancar",3
"Besson",3
"Blu-ray",3
"Bouches-du-Rhône",3
"Boulogne-Billancourt",3
"Bram Cohen",3
"Bruno Boutleux",3
"Caisse",3
"Cameron",3
"Canalplay",3
"Carte",3
"Catherine Deneuve",3
"CGT",3
"Chargée",3
"Christophe",3
"Cisco",3
"Club",3
"CMP",3
"Comcast",3
"commission Lescure",3
"Contribution",3
"Copé",3
"Corée du Sud",3
"Corinne Lepage",3
"Cosip",3
"Côté",3
"Créé",3
"Créée",3
"Croisette",3
"CSPLA",3
"Cuba",3
"David Assouline",3
"David El Sayegh",3
"Deep Packet Inspection",3
"Dernière",3
"Didier Mathus",3
"Dominique de Villepin",3
"ÉCONOMIE NUMÉRIQUE",3
"Edition Multimédi",3
"Education",3
"Eircom",3
"Electron Libre",3
"Eric Schmidt",3
"État",3
"Européens",3
"Exit",3
"Faux",3
"FDI",3
"Festival",3
"Fête",3
"FMI",3
"FNCF",3
"FNSEA",3
"France Info",3
"François Baroin",3
"Gaumont",3
"Grasset",3
"Guy Bono",3
"Guyane",3
"Hadoop",3
"Halde",3
"Hervé Rony",3
"Hortefeux",3
"Hotfile",3
"Icann",3
"Inde",3
"Internets",3
"Jacques Myard",3
"Japon",3
"Jean-Louis Borloo",3
"Jean-Louis Debré",3
"Jean-Michel Planche",3
"Jean-Noël Tronc",3
"Jeunes",3
"Jospin",3
"Jugeant",3
"Juste",3
"Labs",3
"Lady Gaga",3
"Laurent Fabius",3
"Lawrence Lessig",3
"Lettre",3
"Linkfluence",3
"Linkstorm",3
"Loi",3
"Longjumeau",3
"Los Angeles",3
"Luc Besson",3
"Lucie Morillon",3
"Mac",3
"Mac OS",3
"Marché",3
"Marie-Christine Saragosse",3
"Martin",3
"Maxime Le Forestier",3
"Maxime Rouquet",3
"Mediapart",3
"Menacée",3
"Metz",3
"Meuse",3
"Miami",3
"Michel Rocard",3
"Microsoft France",3
"mission Olivennes",3
"Modem",3
"Monfils",3
"Montpellier",3
"Motion",3
"Mozilla",3
"MPAA",3
"Najat Vallaud-Belkacem",3
"New York Times",3
"Nicolas Hulot",3
"Nièvre",3
"Nintendo",3
"Nouveau Centre",3
"NTIC",3
"Numéricable",3
"Offre",3
"ONG",3
"Orwell",3
"PAC",3
"Pakistan",3
"Parisien",3
"Pascal Rogard",3
"Paul",3
"Pays-Bas",3
"PCInpact",3
"Pékin",3
"Philippe Aigrain",3
"Pierre Kosciusko-Morizet",3
"Pionnier",3
"PIPA",3
"Polémique",3
"Rappelant",3
"Ratiatum",3
"Recording",3
"Regards",3
"Rémy Pflimlin",3
"Rendu",3
"Réponse",3
"RGPP",3
"Rhône",3
"Rihanna",3
"Rocard",3
"Roms",3
"Rue",3
"Sages",3
"Schrameck",3
"Slate",3
"SOPA",3
"Soyons",3
"Spedidam",3
"Stade de France",3
"Steam",3
"Strasbourg",3
"Syrie",3
"TalkTalk",3
"Tandis",3
"Tangui Morlier",3
"TEPA",3
"Tunes d'Apple",3
"Tunes Store",3
"Turquie",3
"Une France",3
"UPFI",3
"Utilisateur",3
"VideoLAN",3
"VIe République",3
"Vingt-Sept",3
"Virgin",3
"Warner Music",3
"Web de TF",3
"Wikipedia",3
"Wikipédia",3
"Wild Bunch",3
"Xavier Bertrand",3
"Yves Le Mouël",3
"A Avignon",2
"A Matignon",2
"Aaron Swartz",2
"ACC",2
"Accusé",2
"Acte",2
"Acte II",2
"ADN",2
"Advestigo",2
"Ain",2
"Alain Bazot",2
"Alain Rocca",2
"Alain Suguenot",2
"Alain Terzian",2
"Ali",2
"Alice",2
"Allociné",2
"Allostreaming",2
"Alsace",2
"Altern",2
"Américain",2
"André Rousselet",2
"André Santini",2
"Apache",2
"APC",2
"Après Megaupload",2
"APRIL",2
"Arjel",2
"Artistes",2
"Asie",2
"Au PS",2
"Au Royaume-Uni",2
"Audimat",2
"Audionautes",2
"Ayrault",2
"Baisser",2
"Baroin",2
"Barroso",2
"Bastille",2
"Bataille",2
"Batman",2
"Beezik",2
"Belges",2
"Ben",2
"Benjamin Ooghe-Tabanou",2
"Benoît Hamon",2
"Benoit Hellings",2
"Bernard Accoyer",2
"Bertrand",2
"Bertrand Delanoë",2
"Bestbuy",2
"BFM",2
"BFM TV",2
"Biélorussie",2
"Biennales",2
"Big",2
"Big Brother",2
"BIS",2
"Bittorrent",2
"BlackBerry",2
"Blic",2
"Bloche",2
"Boston",2
"Bourreau",2
"Bruce Schneier",2
"BSA",2
"Budget",2
"Bull",2
"Cablevision",2
"Car Internet",2
"Casse-toi",2
"Catalogne",2
"CCCF",2
"Cessons",2
"CGT Culture",2
"CGT-Culture",2
"CGU",2
"Chambre",2
"Chambre des Lords",2
"Chaos Computer Club France",2
"Chat",2
"Chez Free",2
"Chris",2
"Christine Lagarde",2
"Christophe Honoré",2
"Christophe Tardieu",2
"CIA",2
"Cimade",2
"Circulation",2
"Cirque",2
"CMU",2
"CNRS",2
"Cogent",2
"Collusion",2
"Combattre",2
"Comscore",2
"Concombre",2
"Conscients",2
"Conseil de Paris",2
"Convoqué",2
"Corée du Nord",2
"Couper",2
"Courrèges",2
"COV",2
"Créateurs",2
"Créer",2
"CRS",2
"Daft Punk",2
"Daniel Cohn-Bendit",2
"Daniel Vaillant",2
"DDOS",2
"DE L",2
"de l'Essonne",2
"de Seine-et-Marne",2
"Déclaration",2
"Défenseur",2
"Delphine Batho",2
"Députée",2
"Députés",2
"Devenue",2
"Didier Alaime",2
"Didier Migaud",2
"Digital",2
"Digital Economy Act",2
"Digital Rights Management",2
"Direction",2
"DivX",2
"Domino",2
"Donkey",2
"Données",2
"DONNÉES PERSONNELLES",2
"Dressant",2
"Drôle",2
"DSK",2
"Dublin",2
"Dupont-Aignan",2
"Ecole",2
"Ecouter",2
"Ecrans",2
"EDF",2
"Edouard Balladur",2
"Edward Snowden",2
"Egypte",2
"Elianel",2
"EMC",2
"EN BREF",2
"Encalminées",2
"Encourager",2
"Enfants",2
"Entrée",2
"EPAD",2
"Eric Ciotti",2
"Eric Dupin",2
"Eric Woerth",2
"Essayons",2
"Estelle Hallyday",2
"Estimant",2
"Et François Hollande",2
"Etats-membres",2
"États-Unis",2
"Etats-Unis à Paris",2
"Euros",2
"Evry",2
"Exalead",2
"Expansion",2
"Fabien",2
"Faouzi Lamdaoui",2
"Felipe",2
"Festival d'Avignon",2
"FFT",2
"Filipetti",2
"Films",2
"Florence Gastaud",2
"FNAC",2
"Force",2
"Fort",2
"Forte",2
"Forum d'Avignon",2
"France Médias Monde",2
"Francis Muguet",2
"François de Rugy",2
"Francois Hollande",2
"Frédéric Dutoit",2
"FreeWifi",2
"French Data Network",2
"Front National",2
"FRUSTRATION",2
"Fuite",2
"Game",2
"Genève",2
"Gérard Courtois",2
"Gérard Le Gall",2
"Get Lucky",2
"GfK",2
"Gilles Guglielmi",2
"Gilles Jacob",2
"GNU",2
"Google à Paris",2
"Grand Est",2
"Grand Paris",2
"Grateful Dead",2
"Green",2
"Grégory Dorcel",2
"Groupement",2
"Guadeloupe",2
"Guides",2
"Guilhem Fouetillou",2
"Guillaume Champeau",2
"Guillaume Lovet",2
"Hadopi II",2
"Harvard",2
"Hasard",2
"Haut",2
"Hauts-de-Seine",2
"Henri Guaino",2
"Hillary Clinton",2
"HOLLANDE",2
"Homo",2
"Hongkong",2
"Honnêtement",2
"Hulu",2
"IBM",2
"Impuissants",2
"Indochine",2
"Industrie du X",2
"Initialement",2
"International",2
"Internet British Telecom",2
"Internet Free",2
"Internet Open Rights Group",2
"IRIS",2
"Isabelle Falque-Pierrotin",2
"J-M Planche",2
"Jacques",2
"JDD",2
"JE N",2
"Jean",2
"Jean Dionis du Séjour",2
"Jean-Baptiste Descroix-Vernier",2
"Jean-Baptiste Gourdin",2
"Jean-Bernard Condat",2
"Jean-François Kahn",2
"Jean-Jacques Pignard",2
"Jean-Jacques Urvoas",2
"Jean-Ludovic Silicani",2
"Jean-Marie Messier",2
"Jean-Pierre Jeunet",2
"Jean-Pierre Jouyet",2
"Jean-Pierre Raffarin",2
"Jerome",2
"Jérôme Bourreau",2
"Jérôme Yomtov",2
"Jill Lesser",2
"Jiwa",2
"Joël de Rosnay",2
"John Bohannon",2
"John Perry Barlow",2
"Jonathan Benassaya",2
"Journal du Dimanche",2
"Journal Officiel",2
"Juan Branco",2
"Julien Dourgnon",2
"Juliette Gréco",2
"Juppé",2
"Jusque-là",2
"Justement",2
"Justice",2
"Kadhafi",2
"Kim Dotcom",2
"Kim Schmitz",2
"Korben",2
"Lab",2
"Labour",2
"Labs Hadopi",2
"Lancé",2
"Landes",2
"LCEN",2
"LDH",2
"LeMonde",2
"Lens",2
"LeWeb",2
"Licra",2
"Ligue Odebi",2
"Limewire",2
"Loire",2
"Lord Mandelson",2
"Lorraine",2
"Louis Vuitton",2
"Lutte",2
"LVMH",2
"Lyon",2
"Madrid",2
"Maison Blanche",2
"Manifestement",2
"Marc",2
"Marielle de Sarnez",2
"Marine",2
"Mark Zuckerberg",2
"Maroc",2
"Marseille",2
"Martin Hirsch",2
"Martin Rogard",2
"Martine",2
"Matthieu Creux",2
"Medef",2
"Médiamétrie",2
"Mega",2
"Mère Fouettard du Net",2
"Mettre",2
"Michaël",2
"Michel",2
"Michel Mercier",2
"Michel Piccoli",2
"Michel Sapin",2
"Michu",2
"Minitel",2
"Minutes",2
"mission Création",2
"mission Zelnick",2
"MIT",2
"MONDE DE LA FINANCE",2
"Mountain View",2
"MOX",2
"Muse",2
"Myspace",2
"MySpace",2
"Nadine Morano",2
"Navarre",2
"Nicolas Beytout",2
"Nicolas Perrier",2
"Nicolas Vanbremeersch",2
"Niel",2
"Nîmes",2
"Nintendo DS",2
"Noël Mamère",2
"Nokia",2
"Nonce Paolini",2
"Nord",2
"Notre-Dame-de-Nazareth",2
"Notre-Dame-des-Landes",2
"NSA",2
"Obama",2
"Objectif",2
"Observatoire",2
"OCDE",2
"OCLCTIC",2
"Odebi",2
"Ofcom",2
"Olivier Dumons",2
"Olivier Laurelli",2
"Olivier Rafal",2
"Olivier Roussat",2
"ONU",2
"Oracle",2
"ORTF",2
"Paradoxalement",2
"Pareil",2
"Paris David Assouline",2
"Paris-Dauphine",2
"Paris-II-Assas",2
"Parlements",2
"Partenaire",2
"Partout",2
"PAS D",2
"Pas-de-Calais",2
"Patrick",2
"Paypal",2
"PayPal",2
"PDG d'Universal Music",2
"PDG de Sotheby",2
"PDG de TF",2
"Peer-to-peer",2
"Peer-to-Peer",2
"Pellerin",2
"Peter Sunde",2
"Petit Nicolas",2
"Pheon",2
"Philippe",2
"Pierre Arditi",2
"Pirates",2
"Pod'",2
"Poitou-Charentes",2
"Pologne",2
"Pouria Amirshahi",2
"PPF",2
"Précisons",2
"PREMI",2
"Premiers",2
"Price Minister",2
"Priceminister",2
"Primaire PS",2
"Printemps",2
"Prism",2
"Profitant",2
"Projet",2
"PS Christian Paul",2
"Publicis",2
"Qobuz",2
"Quitte",2
"Rachid Arhab",2
"Rapidement",2
"rapport Gallo",2
"Rare",2
"Razim",2
"RDSE",2
"Realpolitik",2
"Réforme",2
"Réguler",2
"Remi",2
"Rémi",2
"Rennes",2
"Rentabiliweb",2
"Replay",2
"Restent",2
"Retraites",2
"Réunions",2
"RFI",2
"Richard Stallman",2
"Rick Falkvinge",2
"Riposte",2
"Robert",2
"Romain",2
"Roman Polanski",2
"Rome",2
"Rue de Valois",2
"Saint-Martin-de-Crau",2
"San Francisco",2
"SARD",2
"SCAM",2
"Schengen",2
"Sébastien",2
"Seconde",2
"Secrétaire d'Etat",2
"Seine-et-Marne",2
"Seine-Maritime",2
"Sentant",2
"Shawn Fanning",2
"Si Internet",2
"Siemens",2
"Silicon Valley",2
"Sollicité",2
"SOS Hadopi",2
"SOS-Hadopi",2
"Spike",2
"SPPF",2
"SRU",2
"Stasi",2
"Stéphane Richard",2
"Stop DRM",2
"Sud-Ouest",2
"Supprimer",2
"Sûrement",2
"SURVEILLANCE MASSIVE",2
"Sylvain",2
"Sylvain Bergère",2
"TAXE GOOGLE",2
"Technology",2
"Télécharger",2
"Telecomix",2
"Télévision",2
"Thaïlande",2
"Thrones",2
"Tim Berners-Lee",2
"Time Warner Cable",2
"Tor",2
"Torrent",2
"Toulouse",2
"Traditionnellement",2
"Traité ACTA",2
"Tristan Nitot",2
"Troie",2
"Tunes Music Store",2
"TVHD",2
"UFC-Que Choisir",2
"UGC",2
"UN SYST",2
"Une Hadopi",2
"UNEF",2
"Unesco",2
"UPC",2
"URL",2
"Urvoas",2
"Usenet",2
"Valentin Lacambre",2
"Valentin Villenave",2
"Valéry Giscard d'Estaing",2
"Valois",2
"Venezuela",2
"Verizon",2
"Versailles",2
"Vert",2
"Verts-PS",2
"Victoires",2
"Vidéo",2
"VideoLan",2
"Vietnam",2
"Ville de Paris",2
"Villepin",2
"Vincent",2
"Vincent Feltesse",2
"Vincent Grimond",2
"VoD",2
"Voté",2
"Votée",2
"Washington",2
"Web de M",2
"Windows Media",2
"Woerth-Bettencourt",2
"World Wide Web",2
"Xbox",2
"You",2
"Yves Jégo",2
"ZDNet",2
"A Bordeaux",1
"A Deauville",1
"A JAMAIS AIMÉ L",1
"A Libération",1
"A MARCHE",1
"A Marseille",1
"A ME PLAIRAIT BIEN QUAND MEME",1
"A Paris",1
"à Paris",1
"A PAS D",1
"A PAS TOUJOURS RAISON",1
"AAC",1
"AACS",1
"Abandon",1
"ABANDONNER LA LOI HADOPI",1
"Abd Al Malik",1
"Abeille",1
"Abeille Musique",1
"Abine",1
"Abolibibelot",1
"Abonnés",1
"ABONNÉS SUR TWITTER",1
"ABOUT LAST NIGHT",1
"Abrogation d'Hadopi",1
"ABSENCE DE CONVENTION",1
"Absolument",1
"ACCOMPAGNER LES ENTREPRENEURS ET ÉDUQUER",1
"ACCORD DE L",1
"ACCORD DE TOUS",1
"Accords",1
"ACCORDS DE DISTRIBUTION",1
"Accusée",1
"Achab",1
"Acta",1
"Actes Sud",1
"Actif",1
"Action",1
"ACTUALITÉS ET CRITIQUES DEVANT LES OFFRES COMMERCIALES",1
"Ad Planner",1
"Adaptées",1
"Adapter",1
"ADAPTER LES MÉTHODES TRADITIONNELLES",1
"ADDE",1
"Adele",1
"Adèle",1
"Adepte",1
"Adhérant",1
"Adibou",1
"AdIZ",1
"Administrateur",1
"ADMINISTRATIONS ET ENTREPRISES NIENT",1
"Ado",1
"Adpic",1
"Adrien",1
"Advanced Access Content System",1
"AdWords",1
"Aeres",1
"Affaires",1
"Affrontement",1
"AFFRONTEMENT SYSTÉMATIQUE",1
"AFJV",1
"AFP Jean-Noël Tronc",1
"Afrique de l'Ouest",1
"Agence France Presse",1
"Agence France Presse Eric Walter",1
"Agence France-Presse",1
"Agence France-Presse Giuseppe de Martino",1
"Agences",1
"AGF Private Equity",1
"Agissant",1
"AGIT PAS D",1
"AgroParis Tech",1
"AI HÉRITÉ DE RIEN",1
"AI PAS CHANGÉ D",1
"Ai-je",1
"Aide",1
"Ainsi Strasbourg",1
"Airbnb",1
"Airport Express",1
"AIS N",1
"AISE",1
"Ajoutons",1
"Al Jazzera",1
"Alain Chamfort",1
"Alain de Pouzilhac",1
"Alain Lambert",1
"Alain P",1
"Alain Prévot",1
"Alain Vidalies",1
"Albanie",1
"Albert",1
"Albert Einstein",1
"Albin Michel",1
"ALBUM DE CANNES Isabelle Huppert",1
"Alcatel",1
"Alcatel-Lucent",1
"Alex Türk",1
"Alexa",1
"Alexis Abitbol",1
"Alexis Braud",1
"Alfortville",1
"Alfred Trassy-Paillogues",1
"Alfredo Perez Rubalcaba",1
"Algérie",1
"Ali Soumaré",1
"Alix D",1
"All",1
"Allègre",1
"Allemands",1
"Allen",1
"Allocation",1
"Alloclips",1
"Ally Mc Beal",1
"Alpa",1
"Alpes",1
"Alpes-Maritimes",1
"ALTERNATIVES EFFICACES",1
"Amalgames",1
"AMALGAMES",1
"AMBIANCE",1
"Ambitieuse",1
"Amboise",1
"AME",1
"Amélie Nothomb",1
"AMÉLIORER L",1
"AMÉNAGER OU SUPPRIMER LE LABEL PUR",1
"Amendment Bill",1
"Amer",1
"Américain Robert Darnton",1
"Américain Steven Soderbergh",1
"Américain Timothy Wu",1
"American Airlines",1
"American Express",1
"Amérique",1
"Amerrika",1
"AMF",1
"AMI DE TRENTE ANS DE FRAN",1
"Amstrad'",1
"AMV",1
"AMV Enfer",1
"AMV Hell",1
"Amy",1
"Amy Winehouse",1
"ANACHRONIE DES MÉDIAS",1
"Anarchy",1
"Anatomie",1
"ANCIENNE",1
"André Chassaigne",1
"André Malraux",1
"André Nicolas",1
"André Vallini",1
"Android",1
"Andromaque",1
"ANFR",1
"Ange",1
"Angela Merkel",1
"Angèle",1
"Angeles Gonzalez-Sinde",1
"Anglais",1
"Angleterre",1
"Anglo-Saxons",1
"Angry Birds",1
"Aninna Svensson",1
"Anne Hidalgo",1
"Anne Le Strat",1
"Anne-Elisabeth Credeville",1
"Année de l'Afrique",1
"Anonymous de Christophe Barbier",1
"ANR",1
"ANSSI",1
"Antarctique",1
"Antenne",1
"Anticor",1
"Antoine",1
"Antoine Champagne",1
"Antoine de Caunes",1
"Antoine Gallimard",1
"Antoine Robin",1
"Antoine RP",1
"Antonin",1
"Antonioni",1
"AOL",1
"APIs",1
"Appareils",1
"Appelée",1
"Apple Europe",1
"Apple Store",1
"Applenet",1
"Apprentissage",1
"APPRENTISSAGE RÉCONCILIE LA STATISTIQUE",1
"APPROPRIÉ",1
"APPROUVE PAS DU TOUT",1
"AppStore",1
"APR",1
"Après Manuel Valls",1
"Après MegaUpload",1
"Aquilino Morelle",1
"Aquitaine",1
"Arabie",1
"Arcelor-Mittal",1
"Arcep-CSA-Hadopi",1
"Archos",1
"Arctic Monkeys",1
"Arena",1
"Ares Galaxy",1
"Argh",1
"ARGUMENTAIRE TR",1
"ARGUMENTÉ",1
"Ariane",1
"Arkados",1
"Arnas",1
"Arnaud",1
"Arnaud D",1
"Arnaud Desplechin",1
"Arnold Schwarzenegger",1
"ARRESTATION DU CRÉATEUR DE MEGAUPLOAD",1
"Arrive",1
"ARTICLE",1
"Artisan",1
"ASCAP",1
"Aspects",1
"ASSAUT DES LOIS NUMÉRIQUES",1
"Assemblée Frank Riester",1
"Assemblée Nationale",1
"ASSEMBLÉE NATIONALE",1
"Assentek",1
"Assfam",1
"Assigned Names",1
"Association des Services Internet Communautaires",1
"Associations",1
"Assouline",1
"Assumons-le",1
"ASSURER",1
"Astérix",1
"Athènes",1
"Atrac",1
"ATTACHENT",1
"Attaque",1
"Attaqué",1
"ATTENTION AUX ARNAQUES",1
"ATTENTIONS",1
"ATTITUDE",1
"ATV",1
"Au Danemark",1
"Au Japon",1
"Au Midem de Cannes",1
"AU MIEUX UN MANQUE DE RAPIDITÉ",1
"Au Nouveau Centre",1
"AU PIRE DE VOLONTARISME",1
"AU REVOIR",1
"AU-DEL",1
"AUBRY",1
"Audible Magic",1
"AUDIENCE",1
"Auditions",1
"Audrey",1
"Audrey Pulvar",1
"Audrey Tautou",1
"Augny",1
"Aurelie",1
"Aurélien Garivier",1
"Auschwitz",1
"AUTEUR",1
"Auteure",1
"Auteurs",1
"Autonomy",1
"AUTORITÉ JUDICIAIRE",1
"Autour",1
"Autour de François Hollande",1
"AUTRE CAMPAGNE",1
"Autrefois",1
"AUTRES SYST",1
"Auvergnat",1
"Aux Assises",1
"AUX TEMPS DE CRISE",1
"AVANCER LE DISCOURS POUR DEVANCER HOLLANDE",1
"AVANT FIN",1
"Avant Hadopi",1
"Avantage",1
"Avantages",1
"Avatar",1
"Avec Anthony Galluzzo",1
"Avec Aurélie Filippetti",1
"Avec Frédéric Mitterrand",1
"Avec Michel Sapin",1
"Avec SAP Hana",1
"Avec Street Fighter",1
"Avec YourPrivateVPN",1
"Avengers",1
"Averti",1
"Avez",1
"AVIS",1
"Avocat",1
"Avocats",1
"Avoir des Webs",1
"Axel Dauchez",1
"AYEZ PAS PEUR",1
"Azerbaïdjan",1
"Babacar Y",1
"Babar",1
"Bac Pro",1
"Bach",1
"Baie-Mahault",1
"Baisse",1
"Bakchich",1
"Balbuzard",1
"Balladur",1
"Balsen",1
"Bancel",1
"Banco",1
"Bangladesh",1
"Baptiste",1
"Baptiste Roynette",1
"Bar-le-Duc",1
"Barbara Pompili",1
"Barlow",1
"Barrage",1
"Barthesse",1
"Basés",1
"BayTSP",1
"BBM",1
"BD Michel Vaillant Le",1
"Be de Frank Sinatra",1
"Beau",1
"BEAUCOUP DE DIFFÉRENCES",1
"Beaucoup de Français",1
"Beaumarchais",1
"Beauvau",1
"Bee Gees",1
"Belga",1
"Belgacom",1
"Belge Robert Cailliau",1
"Belle",1
"Belmer",1
"Ben Affleck",1
"Ben Bernanke",1
"Benjamin",1
"Benjamin Bayart",1
"Benjamin du Chaffaut",1
"Benkler",1
"Benoist Apparu",1
"Benoit",1
"Benoît Flamant",1
"Benoît Sibaud",1
"Benoît Thieulin",1
"Berlin",1
"Berlusconi",1
"Bernanke",1
"Bernard",1
"Bernard Barral",1
"Bernard Bigot",1
"Bernard Carayon",1
"Bernard Cazeneuve",1
"Bernard Debré",1
"Bernard Depierre",1
"Bernard Lahire",1
"Bernard Lavilliers",1
"Bernard Maris",1
"Bernard Murat",1
"Bernard Plancher",1
"Bernard Pons",1
"Bernd Neumann",1
"Berners-Lee",1
"Bertrand de Labbey",1
"Bertrand Tavernier",1
"BESOIN DE RÉAGIR",1
"Bête",1
"Bettencourt",1
"Beurk",1
"Beytout",1
"BFM Business",1
"BFM-TV",1
"BFMTV",1
"Biba",1
"Bibliothèque",1
"BiBoN",1
"Big Blue",1
"Big Data",1
"Bigfish",1
"Bill",1
"Billboard",1
"Binder",1
"Birmanie",1
"BitCoin",1
"BITTORRENT",1
"BitTorrent Inc",1
"BitTorrent Mininova",1
"Bizarrement",1
"Blackberry",1
"Blanchard",1
"Blender Foundation",1
"Bloc",1
"Blocage",1
"BLOCAGE DE SITES",1
"Blogmusik SAS",1
"BLOQUER LES SITES DE TÉLÉCHARGEMENT",1
"Blue Bloods",1
"Blue Coat",1
"Bob",1
"Bob B",1
"Bobo",1
"Bodbod",1
"Bolivie",1
"Bolivie - Retour",1
"Bombay",1
"Bonjour Arkados",1
"Bonjour Fehmi",1
"Bonjour Valentin",1
"Bonnie Lam",1
"Boonty",1
"BoOz",1
"BoT",1
"Bouches-du-Rhône Christian Kert",1
"Boulevard Ornano",1
"Bouli Lanners",1
"BOULIMIE",1
"Boulogne-Bilancourt",1
"Bousculez",1
"Boutin",1
"Bové",1
"Bram Cohen de BitTorrent",1
"Branle-bas",1
"BRAS DE FER AVEC LES FAI",1
"Braud",1
"Breaking Bad",1
"Brésil",1
"Bretagne",1
"Brevets",1
"Brice",1
"Brice Teinturier",1
"Brigitte Barèges",1
"Brigitte Girardin",1
"BRISER LES MONOPOLES",1
"Britannique",1
"Britannique Timothy Berners-Lee",1
"British Airways",1
"British Phonographic Industry",1
"Bro",1
"Brown",1
"Bruce Willis",1
"Brugerolles",1
"Bruno Béziat",1
"Bruno Boyer",1
"Bruno Buffenoir",1
"Bruno Granga",1
"Bruno Guillard",1
"Bruno Julliard",1
"Bruno Le Maire",1
"Bruno Le Roux",1
"Bruno Leroux",1
"Bruno Mars",1
"Bruno Moulia",1
"Bruno Patino",1
"Bruno Thibaudeau",1
"Brusqué",1
"BRUXELLES",1
"BRVj",1
"Bubble",1
"Budapest",1
"Buffy",1
"Bug Brother",1
"Bulle",1
"Bulles",1
"Bully",1
"Burger King",1
"Bush",1
"Business Software Alliance",1
"Buy Rebaud",1
"C Politique",1
"Cabourg",1
"Cabri",1
"CAC",1
"Cachés",1
"Cachez",1
"CADA",1
"CADRE JURIDIQUE STABLE",1
"Calcul",1
"Californication",1
"Calogero",1
"Calquée",1
"Camilla Lindberg",1
"Camille",1
"Camille Pascal",1
"CANAL ET LE PIRATAGE",1
"Canard",1
"Canard Echaîné",1
"Canaries",1
"Candidat",1
"Candide",1
"Caniveau",1
"CANNES",1
"Canopus",1
"Cantine",1
"Cap",1
"CAP",1
"Capcom",1
"Capgemini",1
"Car Cohn-Bendit",1
"Caramail",1
"Carayon",1
"Cards",1
"Carla Bruni-Sarkozy",1
"Caroline Mille",1
"Carrières",1
"Carte Musique",1
"Castellon de la Plana",1
"CATALOGUE LIMITÉ",1
"Catherine Vautrin",1
"Cathy B-Z",1
"Caton",1
"Cayenne",1
"Cazenave",1
"CCIA",1
"Cdiscount",1
"CDU",1
"CE QUI RAPPROCHE LES DEUX PROGRAMMES",1
"CE QUI SÉPARE LES DEUX PROGRAMMES",1
"Cécilia Sarkozy",1
"Cédric",1
"Cédric Klapish",1
"CELLE DE LA HADOPI",1
"Censé",1
"Censée",1
"Censurée",1
"Center",1
"Centre National du Cinéma",1
"Centre Pompidou",1
"Centres",1
"Cercle",1
"CERN",1
"Certainement",1
"Certificat",1
"Cerutti",1
"Cervantès",1
"Ces Google",1
"Césarée",1
"Cet Internet",1
"CET INTERNET N",1
"Cette France",1
"Cette Mme Le Pen",1
"Cevipof",1
"CFDT",1
"CFE-CGC",1
"CFTC",1
"CGC",1
"Chahuts",1
"Chaîne",1
"CHALEUREUX",1
"Chambre des Représentants",1
"CHAMPLOIX",1
"Champs-Elysées",1
"Chanel",1
"Changer",1
"Chantal Brunel",1
"Chantal Jouanno",1
"Chanteur",1
"Chaos Computer Club",1
"Chaponbleu",1
"Charenton",1
"CHARGÉE",1
"Charles",1
"Charles-Edouard",1
"Charly",1
"Charm El-Cheikh",1
"Charte",1
"Châtellerault",1
"Chaumont-sur-Marne du Centre Pompidou",1
"Chauve-Souris",1
"CHE OUVERTE",1
"CHE POSSIBLE DANS LA",1
"Chemin",1
"Chemises",1
"Cher Deltaplan",1
"Cherchant",1
"Chercheur",1
"Cheurles",1
"Chez Deezer",1
"Chez France Télécom",1
"Chez Hadopi",1
"Chez Orange",1
"Chiara Mastroianni",1
"Chicago",1
"CHINE",1
"Chocapic",1
"Chose",1
"Christian",1
"Christian Demuynck",1
"Christian Kert",1
"Christian Phéline",1
"Christine Berry",1
"ChristineA",1
"Christophe Bataille",1
"Christophe Borgel",1
"Christophe Donner",1
"Christophe Lambert",1
"Christophe Roquilly",1
"Christophe Tilmont",1
"Christopher Nolan",1
"Chromium",1
"Chronique",1
"CHRONIQUE D",1
"Chronologie",1
"Chronologie - Cinq",1
"Chtis",1
"CIBLER ÉDITEURS ET SERVEURS",1
"CIDEZ",1
"CINÉASTES FACE AUX ÉCRANS",1
"Cinema",1
"Cinéma du Palais",1
"Cinémathèque",1
"Cinquième Elément",1
"Citant",1
"Citiznet",1
"Civitas",1
"Claire Castillon",1
"ClaireDrouet",1
"Clamart",1
"Clan",1
"CLAQUES",1
"Claude Allègre",1
"Claude Bartolone",1
"Claude Chabrol",1
"Claude Gisselbrecht",1
"Claude Guaillard",1
"Claude Lellouch",1
"Claudio",1
"Clef",1
"Clément",1
"Clémentine Autain",1
"Cléon",1
"Clèves",1
"Climat",1
"Clint Eastwood",1
"Cloup Computing",1
"CM-CIC Capital Privé",1
"CNCIS",1
"CNDSF",1
"Cnil",1
"CNL",1
"Coen",1
"Coincé",1
"Colbert",1
"Colère",1
"Collectionneur",1
"Collège",1
"Collège de la Hadopi",1
"Collin",1
"Colombe Schneck",1
"Comité",1
"Commandant",1
"Commandé",1
"Comme David Petraeus",1
"Comme Le Monde l'",1
"Comme Napster",1
"Comme Nicolas Sarkozy",1
"Commençant",1
"Commencez",1
"COMMENT FAIRE DES CALCULS SUR DE TELS MONSTRES",1
"Commerce",1
"COMMERCIALISATION EN VUELe Norvégien",1
"Commissariat",1
"Commission Attali",1
"Communication Martin Scorsese Le",1
"Communications Industry Association",1
"Communisme",1
"Comparer",1
"Compil",1
"Compilant",1
"Complément",1
"Comprendre",1
"Compromis",1
"Compte",1
"Computer",1
"Concernant The Pirate Bay",1
"Concessions",1
"CONCILIER ET RÉCONCILIER",1
"Concluant",1
"Concorde",1
"Conçu",1
"Conçue",1
"CONDAMNATION D",1
"Condamné",1
"Condamner",1
"Confédération",1
"CONFIDENTIALITÉ DES",1
"Confier",1
"Confier à Denis Olivennes",1
"CONFIRMÉE SUR LES TICKETS",1
"CONFLIT D",1
"Confronté",1
"Confrontée",1
"Confus",1
"Confusion",1
"Congrès à Versailles",1
"Congrès de la Fédération",1
"Connaître",1
"CONNEXION CHIFFRÉE",1
"Conrad Murray",1
"Conseil de l'Europe",1
"Conseil de l'UE",1
"Conseil de l'Union",1
"Conseiller d'Etat",1
"Conseillère",1
"Conséquence",1
"Considérant",1
"Considérée",1
"Consitution",1
"Constatant",1
"Consternantes",1
"Constitution de la Ve République",1
"Construire",1
"Consultation",1
"Content Scrambling System",1
"Contestée",1
"CONTR",1
"Contractuellement",1
"Contrairement à",1
"Contre-pouvoir",1
"CONTRE-PROGRAMMATION",1
"Contrefaçon",1
"Contrôler",1
"Convergence",1
"Conversations",1
"Coordination",1
"Cop",1
"COPÉ",1
"Copie",1
"Coppé",1
"Copwatch",1
"Copyleft",1
"COPYLEFT",1
"Copyright",1
"Copyright Information",1
"Corédigé",1
"Corinne Erhel",1
"CORRÉLATION NON DÉMONTRÉE",1
"Cosmos",1
"Costa-Gavras",1
"Côte-d'Or",1
"Côtes d'Armor",1
"Côtes-d'Armor",1
"Coué",1
"Coulommiers",1
"Couper Internet",1
"COUPER LES FINANCEMENTS",1
"Courneuve",1
"Couronne",1
"Courriels de l'Hadopi",1
"COURSE EFFRÉNÉE",1
"Courtab",1
"Coût",1
"Coyote",1
"CPE",1
"CQFD",1
"Cranach",1
"Création Public Internet",1
"Crédit",1
"CRÉER UNE TAXE SUR LES APPAREILS CONNECTÉS",1
"Créteil",1
"Creuse",1
"Criirad",1
"Criirem",1
"CRISPATIONS SUR LE DROIT D",1
"Critique",1
"Critiquée",1
"CRM",1
"Croatie",1
"CROISSANCE EXPONENTIELLE DU NOMBRE DES REVUES ET DES ARTICLES",1
"CSA du Net",1
"CSS",1
"Cthulhu",1
"CuBe",1
"Cultura",1
"CulturesFrance",1
"Cupertino",1
"Curieusement",1
"Cygne",1
"Cyril L",1
"D-HD",1
"Da Vinci Code",1
"Dachary",1
"DADSVI",1
"Daily Mail",1
"Daily Telegraph",1
"DailyMotion",1
"Daisuke Tsuda",1
"Dakar",1
"Dallas",1
"Damien",1
"Damoclès",1
"Dan Glicksman",1
"Danemark",1
"Daniel",1
"Daniel Colling",1
"Daniel Goldberg",1
"Daniel Kaplan",1
"Daniel Marhely",1
"DANS LA RÉPONSE GRADUÉE",1
"Dany Boon",1
"Dardenne",1
"Dares",1
"Dario",1
"DarKCallistO",1
"Dassault Systèmes",1
"Dassier",1
"Data",1
"DatAllegro",1
"DAVDSI",1
"David C",1
"David Donoho",1
"David Dufresne",1
"David El Sayeg",1
"David El-Sayegh",1
"David Guetta",1
"David Kessler",1
"David Lammy",1
"David Martinon",1
"David Miodownick",1
"David N",1
"David Rachline",1
"David Walgren",1
"DCB",1
"DCRI",1
"DDB",1
"De Darcos à Santini",1
"DE GAUCHE",1
"De Gaulle",1
"DE LA CONSOMMATION",1
"de la Côte-d",1
"de la Côte-d'Or",1
"de la Creuse",1
"DE LA LUTTE CONTRE LE P",1
"de la Raudière",1
"de la Seine-et-Marne",1
"de la Seine-Maritime",1
"DE MONTEBOURG",1
"DE MUSIQUE PAR JOUR",1
"DE NOMBREUX PRÉCÉDENTS",1
"DE NOUVELLES PERSPECTIVES POUR LE P",1
"DeAACS",1
"Débarquée",1
"Débat",1
"DÉBAT PASSIONNÉ ET CHAOTIQUE",1
"DÉBATTRE D",1
"Debian",1
"Décembre",1
"Décidément",1
"DÉCLIN FRAN",1
"DeCSS",1
"Défendue",1
"Défense",1
"DÉFENSE DU BILAN CONTRE CHARGES DU GOUVERNEMENT",1
"DÉFENSEUR DE LA LICENCE GLOBALE",1
"Délégué",1
"Délit",1
"Dell",1
"Delphine Guey",1
"Deltaplan",1
"Demandant",1
"Demander",1
"Démarrage",1
"Democracy",1
"Democracy Player",1
"Démonstration",1
"Départager Martine Aubry",1
"Département d'Etat",1
"Dépêche du Midi",1
"Déploiement",1
"Dépouilles",1
"Dépoussiérer",1
"Députés Godillots",1
"Dernier",1
"Dernièrement",1
"Derrière Megaupload",1
"DES CHIFFRES CONTREDITS PAR L",1
"DES CYBERCITOYENS",1
"DES DÉPUTÉS",1
"DES ENTREPRISES EUROPÉENNES",1
"des Etats",1
"DES ÉTUDES",1
"DES MAILLONS DE LA CHA",1
"DES MESURES INSUFFISANTES CONTRE LE",1
"DES ORIENTATIONS PRÉCISES",1
"DES POURSUITES ARBITRAIRES",1
"DES PREMIERS COURRIELS",1
"DES RÉALISATEURS RACONTENT COMMENT LES ÉVOLUTIONS TECHNOLOGIQUES INFLUENCENT LEURS",1
"DES RECHERCHES SUR GOOGLE ET BING",1
"DES RÉMUNÉRATIONS DÉCEVANTES POUR LES ARTISTES",1
"DES RÉSEAUX",1
"DES RÉSEAUX PEU UTILISÉS LORS DES ÉMEUTES",1
"DES SERVICES LÉGAUX",1
"DES SITES",1
"DES TARIFS",1
"DES UTILISATIONS ILLÉGALES",1
"des Yvelines",1
"DÉSAVOEU POUR LES MAJORS DU DISQUE",1
"Désigné",1
"Désintox de Liberation",1
"Désolé",1
"Desplechin",1
"Déterminé",1
"DEUX RÉGULATEURS INCOMPATIBLES",1
"Deux-Sèvres",1
"Développer",1
"DÉVELOPPER L",1
"DÉVOIEMENT DU TRAVAIL PARLEMENTAIRE",1
"Devrais-je",1
"Dexter",1
"DGCCRF",1
"DHT",1
"DIAGNOSTICS CONTRADICTOIRES",1
"Diaspora",1
"Diaz",1
"Didier Mamma",1
"Didier Porte",1
"Didier Raoult",1
"DIFFÉRENCIER LES CONTREVENANTS",1
"DIFFICULTÉS DU MOD",1
"DIFFICULTÉS PRATIQUES",1
"Diffusion",1
"Digital Economy",1
"Digital Economy Bill",1
"Digital Millenium Act",1
"Digital Millenium Copyright Act",1
"Dilandau",1
"Dimanche Plus",1
"Dimona",1
"Dionis",1
"Diplômé d'Oxford",1
"Dire à Jean-Pierre Jeunet",1
"Directement",1
"Directeur",1
"Directeur de l'Institut",1
"Directive",1
"Dirigé",1
"Disant",1
"DISCOURS",1
"Disney",1
"Disponible",1
"Disposant",1
"Disséquant",1
"DISSUASION ET ÉVOLUTION DES TECHNIQUES",1
"Dites-moi",1
"DIVERGENCE STRATÉGIQUE",1
"Divx",1
"Dlgamer",1
"DLR de Dupont Aignan",1
"Dmitri Medvedev",1
"Doggy",1
"Domain Name Server",1
"Domain Name Servers",1
"Dominique Baudis",1
"Dominique Raimbourg",1
"DOMMAGES ET INTÉR",1
"Don Morrison",1
"DONNANT-DONNANT",1
"Donnedieu de Vabres",1
"Donner",1
"Dopés",1
"Dordogne",1
"DOSSIERS",1
"Dotés",1
"DoubleTwist Ventures",1
"Dpstream",1
"DpStream",1
"DPStream",1
"DRAC",1
"Drapeau",1
"DREV",1
"DRM Fairplay",1
"Droits",1
"DROITS DU CONSOMMATEUR ET DÉVELOPPEMENT ÉCONOMIQUE",1
"DROITS INDUSTRIELS ET DEVOIRS DE CONSOMMATEURS",1
"Drummond",1
"DSi",1
"DU G",1
"DU LOGICIEL LIBRE",1
"DU PALAIS-BOURBON",1
"DU SANG NEUF",1
"du Sénat",1
"DU TÉLÉCHARGEMENT VERS LE STREAMING",1
"DuckDuckGo",1
"Dudule",1
"Duglou",1
"Durand",1
"DVD Blu-Ray",1
"DVD Jon",1
"Dwarfpower",1
"E-G",1
"E-RINGARDISÉE",1
"Ebuzzing",1
"ÉCHANGE SERAIENT MOINS VISITÉS",1
"ÉCHANGES P",1
"ÉCHANGES SUR INTERNET",1
"ÉCOLOGIE",1
"Ecompil",1
"Economie",1
"ECONOMIE",1
"Economie de l'Immatériel",1
"Economistes",1
"Ecrivain",1
"Ed Vaizey",1
"Edgar Morin",1
"Edhec",1
"Editer",1
"Éditions du Moment",1
"Edito",1
"Edouard Barreiro",1
"EDUCATION ET JEUNESSE",1
"Edvige",1
"EELV de l'Essonne",1
"EELV Eva Joly",1
"EELV Yves Cochet",1
"EFF",1
"Efficacité",1
"Effondrement",1
"Egletons",1
"Égyptiens",1
"Ejldaniel",1
"El Sayegh",1
"Elargir",1
"ÉLARGIR L",1
"ÉLARGIR LES POUVOIRS DE LA CNIL",1
"Eldorado",1
"Electeur",1
"Election de Nicolas Sarkozy",1
"Electoraliste",1
"Electron",1
"Electronic Arts",1
"Electronic Frontier Foundation",1
"Electronlibre",1
"Elimination",1
"Elinor Ostrom",1
"Elu",1
"Élysée",1
"Emakina",1
"EMB",1
"Embarras",1
"EMI",1
"EMI Records",1
"Emirats",1
"Emmanuel Gadaix",1
"Emmanuel Hoog",1
"Emmanuelle Bercot",1
"Emmaüs",1
"Empire",1
"EMPIRES CLOISONNÉS",1
"Emploi",1
"Emule",1
"Emule Paradise",1
"EN JEU",1
"EN LIGNE DE MIRE",1
"EN POINTE SUR LA QUESTION",1
"ENA",1
"Encadrer",1
"ENCORE ET TOUJOURS",1
"Energie",1
"Engranger",1
"ENJEU DE LA RENTRÉE",1
"ENQU",1
"Enrico Macias",1
"Enron",1
"ENS Cachan",1
"Enseignement",1
"Ensta",1
"ENTENDS LES PRÉOCCUPATIONS DES ÉLECTEURS",1
"Entendu",1
"Entre-temps",1
"Entrecoupée",1
"ENTRÉE EN CAMPAGNE MAIS PAS LA CLARTÉ",1
"Entretien",1
"ENVOI",1
"ENVOIS PAR FREE",1
"Eolas",1
"Ephémère",1
"Epic",1
"EPIC",1
"Epinay",1
"ÉPINGLÉES",1
"ÉPISODES NEIGEUX EN RAFALES",1
"EPR",1
"ÉQUILIBRE",1
"ÉQUILIBRES DES MARCHÉS PUBLICITAIRES",1
"Erasmus",1
"Ercom",1
"Eric Badel",1
"Eric Boustouller",1
"Eric Garandeau",1
"Eric H",1
"Eric Le Lann",1
"Eric Lengrand",1
"Eric Mettoux",1
"Eric Nunès",1
"Eric Pérez",1
"Eric Zemmour",1
"Ernest Antoine Seilli",1
"Ernest Bourget",1
"ERREUR",1
"Erreurs",1
"Escroquerie",1
"Espace",1
"ESPACE DU PS",1
"ESPE",1
"Esperanza Aguirre",1
"Espéré",1
"Esplanade des Invalides",1
"Esquisse",1
"ESSAYE DE RESTER SUR UNE COHÉRENCE",1
"ESSOR DE SERVICES DE STREAMING PAYANTS",1
"EST DÉGUEULASSE",1
"EST NOCIF",1
"EST PAS INFAILLIBLE",1
"EST PAS LE N",1
"EST SYMPA",1
"EST-IL DÉJ",1
"Estrosi",1
"Et Klein",1
"Et M",1
"Et PC INpact",1
"Et Sylvie Goulard",1
"Etalab",1
"Etat Axelle Lemaire",1
"Etat du Nordeste",1
"ETAT ET LE SECTEUR",1
"Etat-distributeurs",1
"Etat-individu",1
"Etat-nounou",1
"Etat-Unis",1
"États",1
"Etats-Unis à Madrid",1
"Etats-Unis Pourquoi",1
"Etendre",1
"Etienne Balibar",1
"Etudiant",1
"Euralis Semences",1
"Eure-et-Loir",1
"EUROPE",1
"EUROPE AU CRIBLE DE LA REALPOLITIK",1
"Europe-Ecologie",1
"Européeens",1
"Européen",1
"EUROS PAR NOTIFICATION",1
"Eutelsat",1
"EVA JOLY",1
"Eva Sas",1
"ÉVICTION BRUTALE",1
"ÉVITER L",1
"ÉVITER LA MISE EN LIGNE DES CONTENUS",1
"ÉVITER LES RÉSULTATS PERSONNALISÉS",1
"Evo Morales",1
"ÉVOLUTION DES PRATIQUES",1
"ÉVOQUÉE",1
"Evoquons",1
"Ex-",1
"Ex-fan",1
"Exact",1
"Excédés",1
"EXCEPTION DE CITATION",1
"EXEMPLE SUÉDOIS",1
"Exhibitor Relations",1
"EXIT LES LOGICIELS D",1
"EXPÉRIENCE",1
"Expérimenter",1
"Expliquer",1
"EXPLOITATION",1
"Explosion",1
"EXPORTER L",1
"EXPRESSION ET DOUBLE PEINE",1
"Extelia",1
"Extension de la Hadopi",1
"EXTRACTION DE MUSIQUE ET DE VIDÉOS",1
"Fab",1
"Fabienne",1
"Fabienne Lebrette-Ménager",1
"Fabius",1
"Fabrice",1
"FaceBook",1
"FACILITÉ DE L",1
"FAI ADSL",1
"FAI ET MOTEURS DE RECHERCHE",1
"Fail de l'Europe",1
"FAIRE LE TRI DANS LES ADRESSES IP",1
"FairPlay",1
"Faisons",1
"Fallois",1
"Fan",1
"Fanfare",1
"Fast Retailing",1
"Faurecia",1
"Favorable",1
"Favoriser",1
"FCC",1
"Fed",1
"Fédéré",1
"Felix Oberholzer-Gee",1
"Félix Tréguer",1
"Fernand",1
"Fervent",1
"Fesseinheim",1
"Fessenheim",1
"Feu",1
"Feux",1
"Février",1
"Fidélités",1
"FIDH",1
"FILLON",1
"Film Socialisme",1
"FILTRAGE ACCRU",1
"Financement",1
"Finances",1
"FINANCES PUBLIQUES",1
"Financial Times",1
"Finie",1
"Finistère",1
"FireRyu",1
"Fiscalité",1
"FISCALITÉ EUROPÉENNE",1
"FJC",1
"FLÉAU DE LA DIMENSIONNALITÉ",1
"Florent-Emilio Siri",1
"Florian",1
"Fnac Music",1
"FNDF",1
"FOISON",1
"Foncier",1
"Fondation Internet",1
"Fondation Mozilla",1
"Fondé",1
"Fonds",1
"Fontenay-aux-roses",1
"FORCE D",1
"Forcément",1
"Forum Réfugiés",1
"Fotolia",1
"Fou du Roi",1
"Fouquet",1
"FourmiRousse",1
"FOURNIR L",1
"FOURNIR UNE INFORMATION PLUS JUSTE SUR LES BANLIEUES ET TENTENT AINSI DE COMBLER LE VIDE LAISSÉ PAR LA TÉLÉVISION ET LA RADIO",1
"Fournisseur",1
"FourPoints",1
"Fox",1
"Fraisouille",1
"Fran",1
"Français Bayrou",1
"Français d'Europe du Nord",1
"Français de Londres",1
"Français Luc Besson",1
"Francazal",1
"France à Katmandou",1
"France à Stockholm",1
"France Cerrutti",1
"France d'Astérix",1
"France de Dailymotion",1
"France de Spotify",1
"France du Fonds",1
"France Télévision",1
"France Télévisions France Télévisions",1
"France Terre d'Asile",1
"France-Inter",1
"Franchement",1
"Franciliens",1
"Franck Louvrier",1
"Francofolies de La Rochelle",1
"Francois Bayrou",1
"François Bourdoncle",1
"François de Panafieu",1
"François Hollande à Londres",1
"François Legaret",1
"François Mauriac-Forez à Andrezieux-Bouthéon",1
"François Mitterrand'",1
"François Nowak du Samup",1
"Francois P",1
"François Rebsamen",1
"François Sauvadet",1
"Françoise Buy Rebaud",1
"Françoise Grossetête",1
"Frank Underwood",1
"Frankoi",1
"Fraudes",1
"Frêche",1
"Fred",1
"Frederic",1
"Frédéric Bastiat",1
"Frédéric Delacroix",1
"Frédéric Martel",1
"Frédéric Mitterand",1
"Frédéric Young",1
"Frédérique Bredin",1
"Free Software Foundation",1
"Free Software Foundation France",1
"Free Wifi",1
"Free-Alice",1
"Freebox",1
"Freebox Révolution",1
"Freebox TV",1
"Freenet",1
"Frémeaux",1
"Freya Piryns",1
"Freyburger",1
"Friend",1
"Front de Gauche",1
"Front Populaire",1
"Frontières",1
"FSF",1
"FTP",1
"FTTH",1
"Fukushima",1
"Futur",1
"Gadaix",1
"Gael Morel",1
"Gage",1
"Gallimard",1
"Gallo",1
"Gamma",1
"Gandi",1
"Ganon",1
"Garant",1
"Garde",1
"Gaspard Ulliel",1
"Gaspard-Marie Janvier",1
"GATT",1
"Gauche",1
"Gawker",1
"Gaz",1
"Gazette",1
"GENDARME",1
"Génération",1
"GENRES PLUS PIRATÉS",1
"Geoff Taylor",1
"Geoffron",1
"Géopolitique",1
"George Benson",1
"Georges",1
"Georges Debrégeas",1
"Georges Mougeot",1
"Gerald",1
"Gérard Berry",1
"GÉRER LA MASSE",1
"Germain",1
"Gestapo",1
"Gilles Brégant",1
"Gilles Misrahi",1
"Gilles Vercken",1
"Girls",1
"Gironde",1
"Girousse",1
"Gisti",1
"Giuseppe de Martino",1
"Giving",1
"Glaces",1
"Global Online Freedom Act",1
"Globalement",1
"GNIS",1
"GNU Public Licence",1
"Gnunet",1
"Gobelin",1
"Gold",1
"Goliath",1
"Goncourt",1
"GONFLÉE",1
"Google Actualités",1
"Google DNS",1
"Google France",1
"Google Vidéo",1
"Google Video Viewer",1
"Googlenet",1
"GooglePlay",1
"GoogleTV",1
"Gordon Brown",1
"Gordontesos",1
"Goutte-d'Or",1
"Gouvernance du Net",1
"Gozav",1
"GPL",1
"GRADUÉS",1
"Grand-Duché",1
"Grande Aventure Lego",1
"Grande Cause",1
"Grande Couronne",1
"Grands",1
"GRE",1
"Grecs",1
"GreenPlum",1
"Grégoire",1
"Gregory Kapustin",1
"Grenoble",1
"Grève",1
"Grimaldi",1
"Grimi",1
"Gringalet",1
"Grippe A",1
"Groen",1
"Grooveshark",1
"GrooveShark",1
"Groupe",1
"Guaino",1
"GUAINO FIER DE CE DISCOURS QUI A RATISS",1
"Guédiguian",1
"GUERRE CONTRE LES VPN",1
"Guez",1
"Guignol",1
"Guigui",1
"Guillab",1
"Guillaume",1
"Guillaume Bachelay",1
"Guillaume Evin",1
"Guillaume Peltier",1
"Guingamp",1
"Gulli",1
"Guttenberg",1
"Guy Kastler",1
"Guybrush Threepwood",1
"GVV",1
"Habituellement",1
"Hackdopi",1
"Hackdopi Des",1
"Hacking Team",1
"Hado",1
"HAdopi",1
"Hadopi - Une",1
"Hadopi à",1
"Hadopi à Dadvsi",1
"Hadopi Alors",1
"Hadopi Envoi",1
"Hadopi Laisser",1
"HADOPI MIEUX ACCEPTÉE",1
"Hadopi Numerama",1
"HADOPI OR NOT HADOPI",1
"HADOPI Patrick Bloche",1
"HADOPI REMISE EN QUESTION",1
"HADOPI TOUTE-PUISSANTE",1
"Hadopidoit",1
"Hadopimise",1
"Haies",1
"Haïti",1
"HAïTI Pierre Duquesne L",1
"Hakim",1
"Hamon",1
"Harddrive",1
"Harlem Désir",1
"Haro",1
"Harry Québert",1
"Hasuko",1
"Hausse",1
"Haut-Rhin",1
"Haut-Rhin Jean-Louis Christ",1
"Haute Aautorité",1
"Haute-Normandie",1
"Havas",1
"HBO",1
"HD-DVD",1
"HÉBERGEUR",1
"Hélène",1
"Hélène Mandroux",1
"HÉMICYCLE",1
"Henrard",1
"Henri",1
"Henri Cuq",1
"Henri de Raincourt",1
"Henri Emmanuelli",1
"Hérault",1
"Hermione",1
"Hernani",1
"Hervé Cochard",1
"Hervé Morin",1
"Herzog",1
"Heureuse",1
"Hewlett-Packard",1
"Hezbollah",1
"Himalaya",1
"Hirsch",1
"HISTOIRE DE FRANCE",1
"Historiquement",1
"Hitchcock",1
"HITS PARADES",1
"Hiver",1
"Ho Hey des Lumineers",1
"Hollandais",1
"Hollywood Bowl des Beatles",1
"Home",1
"Homme",1
"Hôpital",1
"Hormis Nicolas Sarkozy",1
"Hotmail",1
"House",1
"How I Met",1
"How I Met Your Mother",1
"HP France",1
"Huawei",1
"Hubert Védrine",1
"Hugo",1
"Hugo Ferrer",1
"Humain",1
"HUPPERT",1
"Huygue",1
"HYPERPRÉSIDENCE",1
"I-phone",1
"IBM France",1
"ICANN",1
"ICPE F",1
"Idate",1
"IDÉES",1
"IDENTITÉ PROFONDE DU TERRITOIRE",1
"IETF",1
"IFOP",1
"IFTA",1
"IGC",1
"Igor Deperraz",1
"Ikéa",1
"IL FAUT IMAGINER",1
"IL FAUT SUPPRIMER HADOPI",1
"IL N",1
"IL NE S",1
"IL VA NOUS TROUVER",1
"Iliad Free Fondation",1
"Iliad-Free",1
"ILLICITE",1
"ILS NE GAGNERONT PAS SI VOUS LE D",1
"Imaginons",1
"Immatériel",1
"Immédiatement",1
"Immigration L",1
"IMMINENT",1
"IMPACT SUR LES RÉSULTATS DES ÉLECTIONS",1
"Impala",1
"Implication",1
"Imposer",1
"Imprégnés",1
"In Rainbows",1
"INACCEPTABLE",1
"Inaugurant",1
"INCERTITUDE SUR LES MOYENS TECHNIQUES",1
"Incitons",1
"Incohérence",1
"INDEMNISATION DES FAI TOUJOURS EN DISCUSSION",1
"Indépendant",1
"Indépendants",1
"Indexer",1
"Indicateur",1
"Indre",1
"Indre-et-Loire",1
"Industrie",1
"INDUSTRIE DU JEU VIDÉO COURTISÉE",1
"IndyMedia",1
"Information",1
"INFORMATION EN LIGNE",1
"Infringing File Sharing",1
"Ingénieur",1
"Ingénieure",1
"Ingrid",1
"ININTELLIGIBLE",1
"Innovation Web",1
"Inquiétudes",1
"INRA",1
"Inrockuptibles",1
"Insaisissables",1
"Inscrire",1
"INSÉCURITÉ JURIDIQUE",1
"InsidOpi",1
"Inspirée",1
"INSTAURATION D",1
"Instaurée",1
"Instituée",1
"Institut Lumière",1
"Institut Mines-Télécom",1
"Institutions",1
"Institutions Nicolas Sarkozy",1
"Intégrer",1
"INTENSIFIE",1
"INTÉR",1
"Interallié",1
"INTERCONNEXION AVEC L",1
"Interest",1
"Intérieur",1
"INTERNATIONAL ET EUROPE",1
"International Intellectual Property Alliance",1
"Internaute",1
"Internautes",1
"Internet Belgacom",1
"Internet BT",1
"Internet Canada Dry",1
"Internet Clubic",1
"Internet Corporation",1
"Internet d'Irlande",1
"Internet de la Maison Blanche",1
"Internet de la Société",1
"Internet de M",1
"Internet de Nicolas Sarkozy",1
"Internet Denis Olivennes",1
"Internet du Parlement",1
"Internet du Parti",1
"Internet FDN",1
"Internet Gouvernance Caucus",1
"INTERNET POUR TOUS",1
"Internet Wi-Fi",1
"INTEROPÉRABILITÉ",1
"Interpellée",1
"INTERPOSE ENTRE L",1
"INTERROGATIONS SUR LE BUDGET DE LA HADOPI",1
"Intouchables",1
"Intransigeance",1
"Inutile",1
"Inventaire",1
"Inversement",1
"Invité",1
"Invité de France Inter",1
"Iphone",1
"Ipod d'Apple",1
"Ipoque",1
"Ipred",1
"IPREDator",1
"Ipsos",1
"Irak",1
"Iron",1
"Iron Man",1
"Ironiquement",1
"Irqy",1
"Isabelle de Marseille",1
"ISABELLE FALQUE-PIERROTIN AFFIRME QU",1
"ISF",1
"Iskendor",1
"Ismaël",1
"Isobar",1
"Isoc",1
"ISOC France",1
"Israël",1
"Issu",1
"Issy-les-Moulineaux",1
"Italie Vote",1
"Italiens",1
"Itunes",1
"Itunes d'Apple",1
"J-C",1
"Jack",1
"Jackson",1
"Jacqueline Fraysse",1
"Jacques Attali",1
"Jacques Bille",1
"Jacques Cheminade",1
"Jacques Delors",1
"Jacques-Antoine Granjon",1
"Jamais Sun Tsu",1
"Jamendo",1
"Jane Birkin",1
"Japan Times",1
"Japonais",1
"Jarjar",1
"Jarodc",1
"JE NE SAIS M",1
"JE PRENDS MA PART DE L",1
"JE TROUVE",1
"Jean Alain",1
"Jean Auclair",1
"Jean Cédras",1
"Jean d'Ormesson",1
"Jean Dupont",1
"Jean Graton",1
"Jean Louis Durand",1
"Jean N",1
"Jean Paul",1
"Jean Pierre Quignaud",1
"Jean Sans Terre",1
"Jean Sarkozy",1
"Jean Tiberi",1
"Jean- François Copé",1
"Jean- Michel Planche",1
"Jean-Baptiste Carpentier",1
"Jean-Baptiste Kempf",1
"Jean-Claude Larue",1
"Jean-Fran",1
"Jean-François",1
"Jean-François A",1
"Jean-François Lamour",1
"Jean-Frédéric Poisson",1
"Jean-Jacques Annaud",1
"Jean-Louis P",1
"Jean-Luc Bennahmias",1
"Jean-Luc Godard",1
"Jean-Luc Silicani",1
"Jean-Marie Baurens",1
"Jean-Marie Beaupuy",1
"Jean-Marie Colombani",1
"Jean-Marie Le Pen",1
"Jean-Marie Le Pen - LeMonde",1
"Jean-Michel Cornu",1
"Jean-Michel Helvig",1
"Jean-Michel Loubes",1
"Jean-Patrick Courtois",1
"Jean-Paul Garraud",1
"Jean-Paul Huchon",1
"Jean-Paul Rappeneau",1
"Jean-Philippe Dayraut",1
"Jean-Pierre Andry",1
"Jean-Pierre Bel",1
"Jean-Pierre Brard",1
"Jean-Pierre Dubois",1
"Jean-Vincent Placé",1
"Jean-Yves Mirski",1
"JEI",1
"Jens Stoltenberg",1
"Jeremie D",1
"Jérôme",1
"Jérôme Ferrari",1
"Jérôme Guedj",1
"Jérôme Kerviel",1
"Jesse",1
"Jeu",1
"Jeu de l'Oie",1
"Jeune",1
"JEUNES",1
"Jeux",1
"JFK",1
"Jimmy Wales",1
"Joel",1
"Joël Dicker",1
"Joelle",1
"Johan",1
"Johan Hufnagel",1
"John",1
"John Hemmin",1
"John Locke",1
"Joint",1
"Jolie",1
"JOLY",1
"Jon Lech Johansen",1
"Joost",1
"Jordane Crantelle",1
"Jordanie",1
"Jorge",1
"José",1
"José Manuel Barroso",1
"Joseph Ghosn",1
"Joseph Stiglitz",1
"Jost",1
"Journalistes",1
"JOURS DE RETARD POUR HADOPI",1
"JP Limosin",1
"Judd Apatow",1
"Judge Dredd",1
"Jugé",1
"Jul",1
"Julien Villedieu",1
"JulienFranceBleuProvence",1
"JulienRoux",1
"Julliard",1
"JURISPRUDENCE INCERTAINE",1
"JustePort",1
"Justes",1
"Justice Audition",1
"Justifiant",1
"Kahn",1
"Kamel",1
"Karachi",1
"Karibou",1
"Karima Delli",1
"Karl-Theodor",1
"Kassandre",1
"Kassav",1
"Kazakhstan",1
"Kbill",1
"Kerodon",1
"Kevin",1
"Khafif Charni",1
"Khmers",1
"Khyber Pakhtunkhwa",1
"Kids",1
"Kikadikoi",1
"Killer",1
"Kim Chapiron",1
"Kindle",1
"Kindle Store",1
"Kinect de Microsoft",1
"Kiron",1
"Klein",1
"Koh-Lanta",1
"Koleman Strumpf",1
"Konami",1
"Korn",1
"Korrigan",1
"Kouchner",1
"Krapo",1
"Kubrick",1
"Kwak",1
"Kyncl",1
"LA BSA N",1
"LA CHINOISE",1
"LA CRÉATION DE L",1
"LA CRÉATION MUSICALE FINANCÉE PAR UNE TAXE SUR LES ABONNEMENTS",1
"LA CRÉATIVITÉ ARTISTIQUE",1
"LA CRÉDIBILITÉ DU CNN",1
"LA DIPLOMATIE",1
"LA DS PARTICULI",1
"LA FI",1
"LA FRANCE TOUJOURS",1
"LA GAUCHE N",1
"LA GUERRE DES ÉCRANS",1
"LA HADOPI DÉFEND SON BILAN",1
"LA HADOPI ET LA LOPPSI",1
"LA HADOPI REPOSE SUR UNE PROCÉDURE PLUS COMPLEXE",1
"LA JEUNESSE N",1
"LA LÉGALITÉ DE LA PROPOSITION EN QUESTION",1
"LA LOI",1
"LA LOI ANTIPIRATAGE DÉJ",1
"LA LOI HADOPI",1
"LA LOI HADOPI LAISSE UN PETIT GO",1
"LA LOI HADOPI SUR LE PIRATAGE",1
"LA MISE EN PLACE D",1
"LA MUSIQUE EN ILLIMITÉ SUR TÉLÉPHONE PORTABLE SERA L",1
"LA NEUTRALITÉ",1
"LA PISTE DES PARTENAIRES ÉCONOMIQUES",1
"LA PREUVE PAR LE NET",1
"LA PROBABLE DISPARITION",1
"LA PUBLICATION ET",1
"LA QUADRATURE DU NET ET NUMERAMA CONTRE-ATTAQUENT",1
"LA RÉFORME D",1
"LA RÉUSSITE DU PARI DE LA PÉDAGOGIE",1
"LA SOLUTION",1
"LA SURVEILLANCE S",1
"LA TÉLÉ",1
"LA TRANSPARENCE DES DONNÉES PUBLIQUES",1
"LA TVA",1
"LA VASTE MAJORITÉ DU TRAFIC DE NOS SITES EST LÉGALE",1
"Label PUR",1
"LABEL PUR",1
"Labiche",1
"Laboratoire",1
"LABS",1
"Lafesse",1
"Lagardère",1
"Lagotonio",1
"Laissons",1
"Lala",1
"Lambert",1
"Lancar",1
"Lang",1
"Lasbordes",1
"Latribune",1
"Laura-Mai",1
"Laurence Abeille",1
"Laurence Lessertois",1
"Laurence Tellier-Loniewski",1
"Laurent",1
"Laurent Béteille",1
"Laurent Cantet",1
"Laurent Petitgirard",1
"Laurent Ridoux",1
"Laurianne Deniaud",1
"Lavoir",1
"Lay",1
"LDN",1
"LE ACCRU POUR LES JUGES",1
"LE BOUCLIER FISCAL SUPPRIMÉ",1
"LE BUG DE LA LOI HADOPI Après",1
"LE CD EST DÉCÉDÉ VIVE LES FLICS DU CLIC",1
"LE CONSOMMATEUR OU LE FOURNISSEUR D",1
"LE DE LA HADOPI",1
"LE DES PIRATES ALLEMANDS",1
"LE DOSSIER VLC",1
"LE ÉCONOMIQUE IDÉAL",1
"LE FEUILLETON",1
"LE FILM Da Vinci Code",1
"LE FN",1
"LE FRONT DE GAUCHE",1
"LE FRONT DE GAUCHE PROPOSE",1
"LE GROS DU DÉBAT SE FERA DANS L",1
"LE LOGEMENT COMME PRIORITÉ",1
"LE MIME DE FRAN",1
"LE MOD",1
"LE MODEM",1
"Le Monde",1
"LE PARTI PIRATE",1
"LE PEER EST PARTOUT",1
"LE PEN",1
"LE PLAISIR",1
"LE PS EST UN PARTI DE GAUCHE",1
"Le Quotidien",1
"LE R",1
"LE RÉFLEXE YOUTUBE",1
"LE RETOUR",1
"LE SITE MUSICAL FAIT UN PIED DE NEZ",1
"LE SPECTRE DE LA DADVSI",1
"LE STREAMING ET LA MUSIQUE EN T",1
"LE SUCC",1
"LE TÉLÉCHARGEMENT DIRECT MOINS IMPACTÉ",1
"LE TÉLÉCHARGEMENT ILLÉGAL EXPLOSE",1
"LE WEB FRAN",1
"LE WEB POURRAIT S",1
"Leclerc",1
"Ledit",1
"Lefigaro",1
"Légalement",1
"LÉGALISATION DES CONVERSIONS DE FICHIERS",1
"Légaliser",1
"Lego",1
"Lejdd",1
"Lemaire",1
"Lena Dunham",1
"Lentement",1
"Lepage",1
"Lepoint",1
"LER LES EXPORTATIONS",1
"LES ADRESSES IP DES UTILISATEURS COMMUNIQUÉES",1
"LES AGRICULTEURS RECONQUIS",1
"LES AJOUTS VERTS",1
"LES AMBIGU",1
"LES CHANTIERS DE LA CULTURE",1
"LES CLAIR",1
"LES DÉMOCRATIES EUROPÉENNES FACE",1
"LES DÉPUTÉS AVAIENT VOTÉ EN FAVEUR DE L",1
"LES DIMANCHES DE",1
"LES ÉCHANGES DE FICHIERS PAR CLÉ USB",1
"LES ÉTATS-UNIS",1
"LES ÉTUDIANTS",1
"LES FAI",1
"LES FAI FRAN",1
"LES FAI NÉGOCIENT UNE INDEMNISATION",1
"LES INTERNAUTES ET LES OPÉRATEURS DOIVENT FINANCER LA CRÉATION CULTURELLE",1
"LES LICENCES",1
"LES MOTS DU NET",1
"LES MOTS POUR LE DIRE Licence",1
"LES PLATEFORMES COMME GENDARMES",1
"LES POINTS QUI POURRAIENT FAIRE POLÉMIQUE",1
"LES POINTS REPRIS DU PS",1
"LES PROPOSITIONS DE LA COMMISSION ZELNIK",1
"LES RÉSEAUX D",1
"LES RÉSEAUX OUVERTS DE FAIT ILLÉGAUX",1
"LES STATISTIQUES ANONYMISÉES",1
"LES VRAIES QUESTIONS SONT ÉLUDÉES",1
"Lescure à Canal",1
"Lesinternets",1
"Lestéléchargements",1
"LEURS CONCURRENTS",1
"LEURS CONTRADICTIONS",1
"Levalloisiens",1
"Levée",1
"Level",1
"Lévy",1
"Lexpress",1
"Libéral",1
"Liberté",1
"LIBERTÉ D",1
"Libertés",1
"LIBERTÉS NUMÉRIQUES CONTRE EXPÉRIENCE",1
"Liberticides",1
"Libre",1
"LIBRE",1
"Libyens",1
"LICENCE GLOBALE",1
"LICENCE GLOBALE ET",1
"LICENCE GLOBALE ET OFFRE LÉGALE",1
"LICENCE LÉGALE",1
"Licencié",1
"Licenciement",1
"Ligue des Champions",1
"Liliane Bettencourt",1
"Lilou",1
"Limagrain",1
"Lime Wire",1
"LinkedIn",1
"Linus Torvald",1
"Linux Manua",1
"Lionel Duroy",1
"Lionel Jospin à Matignon",1
"Lionel Thoumyre",1
"Liren",1
"Lisa",1
"Live",1
"Livebox",1
"Livre",1
"Livret",1
"LLOgO",1
"LMP",1
"Lobby",1
"Logement",1
"Logique Free",1
"Loi Création",1
"Loi Sinde",1
"LOIC",1
"Loïc Dachary",1
"Loïc Le Meur",1
"LOIN DEVANT HP",1
"Longuet",1
"Longwy",1
"Loppsi II",1
"LOPPSI II",1
"Los Angeles Memorial Coliseum",1
"Los Angeles Times",1
"Lot-et-Garonne",1
"Louable",1
"Louis Garrel",1
"Louis Le Grand",1
"Louise",1
"Lovet",1
"Low Orbit Ion Cannon",1
"Luc Besson Taken",1
"Luc Ch",1
"Luc Chatel",1
"Lucas",1
"Lucas Cranach",1
"Lucie Aubrac",1
"Lula",1
"Lumières",1
"Luther",1
"LUTTE OUVRI",1
"Luxembourgeoise",1
"Lynch",1
"Ma Chaîne",1
"Maastricht",1
"MACHINE",1
"Macif",1
"MacOS",1
"Madame",1
"Made",1
"Madjid B",1
"Mado",1
"Madoff",1
"Magalie",1
"Maginot",1
"Magistrate",1
"Maif",1
"MAILS ENVOYÉS",1
"Maintenir",1
"MAINTENIR LA NEUTRALITÉ DE L",1
"Maire",1
"Maison de l'Amérique",1
"Maison de l'Histoire de France",1
"Maitre Eolas",1
"Maître Eolas",1
"Maître Gims",1
"Majors",1
"Malek Boutih",1
"Mali",1
"Maligne TV",1
"Mallick",1
"Malou",1
"Man",1
"Mandriva",1
"Manifesto",1
"Manon",1
"MANQUEMENT D",1
"Manu",1
"Manuel",1
"Manuel Diaz",1
"Manuel Dorne",1
"Manuel Valls à Nîmes",1
"MapReduce",1
"Marc Dorcel",1
"Marc Laffineur",1
"Marc Lavoine",1
"Marc Missonnier",1
"Marc Tessier",1
"Marc-Antoine",1
"MARCHE ARRI",1
"Margaret Thatcher",1
"Marianne",1
"Marie",1
"Marie Curie",1
"Marie Lagabbe",1
"Marie-Anne Montchamp",1
"Marie-Christine Désandré",1
"Marie-Mai",1
"Marie-Monique Robin",1
"Marielle Gallo",1
"MarieT",1
"Marigny",1
"Marigny à Paris",1
"Marin Karmitz",1
"Mario Draghi",1
"Marion Vernoux",1
"Marisol Touraine",1
"MarkMonitor",1
"Marland-Militello",1
"Marne",1
"Marrakech",1
"Marseillaise",1
"Marshall",1
"Marta Suplicy",1
"Martin Solveig",1
"Martinique",1
"Mashable",1
"Massachusetts",1
"Massachusetts Institute",1
"Masse",1
"MASSE CRITIQUE",1
"Mastercard",1
"Mathias Braschler",1
"Mathieu",1
"Mathieu Kassovitz",1
"Mathieu Soliveres",1
"Mathus",1
"Maurepas",1
"Maurice Levy",1
"Maurice Lévy",1
"Mauvaise Vie",1
"Max",1
"Max Gallo",1
"Max Planck",1
"Maxime Houquet",1
"Mayenne",1
"Mazars",1
"McKinsey",1
"MCMic",1
"ME DE TÉLÉCHARGEMENT DÉCENTRALISÉ",1
"ME ÉTIQUETTE",1
"ME JUGÉ ANTICONSTITUTIONNEL ET INEFFICACE",1
"ME PAS COMMENT ON FAIT POUR TÉLÉCHARGER",1
"ME PHASE",1
"ME QUI N",1
"ME TOUR",1
"MeAnthony Bem",1
"Media Transfer Protocol",1
"Mediapart de Mme Morano",1
"MéDIAS - Presstalis",1
"Médiatiquement",1
"Médicis",1
"Méditerranée",1
"Médor",1
"Mega-Upload",1
"MegaUplaod",1
"Megaupload'",1
"Melajara",1
"Melanie",1
"Melanius",1
"MeLaurence Tellier-Loniewski",1
"Mélenchon-Le Pen",1
"Melody",1
"Memento",1
"Memento Films",1
"Menaçants",1
"Mencken",1
"Mendès",1
"Mentionnons",1
"Mentonnais Depuis",1
"Mer",1
"Merah",1
"MERCI ET",1
"Meriem Fournier",1
"Merkel",1
"MES D",1
"MESSAGE URGENT",1
"Mesure",1
"Meta Group",1
"Météo France",1
"Mettons-en",1
"Mexique",1
"MGMT",1
"Mi-novembre",1
"Mian Iftikhar Hussain",1
"Michael Haneke",1
"Michael Jackson à Neverland",1
"Michael Pachter",1
"Michel Aliot",1
"Michel Barnier",1
"Michel Boyon",1
"Michel Cosnard",1
"Michel Diefenbacher",1
"Michel Ferrat",1
"Michel Riguidel",1
"Michel Sardou",1
"Michel Thiollière",1
"Michel Vaillant",1
"Michel Zumckeller",1
"Michel-Edouard Leclerc",1
"Michèle Alliot-Marie",1
"Midem à Cannes",1
"Midi-Pyrénées",1
"Mille Collines",1
"MILLIONS DE DOLLARS AUX ETATS-UNIS",1
"Milos Forman",1
"Milou",1
"Minute",1
"Mireille Imbert Quaretta",1
"Mireille Mathieu",1
"Mirwais",1
"Mis",1
"MISE EN",1
"MISE EN GARDE RÉPÉTÉE DE L",1
"MISE EN PLACE DE",1
"MISSION DÉLICATE",1
"mission Pierre Lescure",1
"mission Riester",1
"Missions",1
"Mister All",1
"Mitterand",1
"Mixman",1
"MixtureVideo",1
"Mme Filipetti",1
"Mme Imbert-Quaretta",1
"Mme Marais",1
"MmeBuy Rebaud",1
"MOBILE",1
"MoDem François Bayrou",1
"Moderateur",1
"MODERNE",1
"Mohamed",1
"Mohamed Merah",1
"MOINS DÉTECTABLES",1
"Moment",1
"Monde Denis Olivennes",1
"Monde Diplomatique Janvier",1
"Monde Mme Aubry",1
"Monde Stéphane Le Foll",1
"Monde TéléVisions",1
"Monde-Dailymotion",1
"Monika Fischer",1
"Monique Farantzos",1
"Monjean",1
"Monsanto",1
"Montagne Sainte-Geneviève",1
"Monte Carlo Doualiya",1
"Montrer",1
"Montreuil",1
"Morceaux",1
"Morcelée",1
"Mori",1
"Morillon",1
"Morin",1
"Moscovici",1
"Moselle Aurélie Filippetti",1
"Moteurs",1
"Mother",1
"Motion Picture Association",1
"Motions",1
"MOTIVATION AVANT TOUT JURIDIQUE",1
"Mouammar Kadhafi",1
"Moulier-Boutang",1
"MOYENS TECHNIQUES SOUS-TRAITÉS",1
"Mozilla Europe",1
"MPEG",1
"Mpeg-",1
"MTP de DVD",1
"MTV",1
"Muddy Waters",1
"Mule-Paradise",1
"Mulhouse",1
"Mumux",1
"Munies",1
"Muriel Marland-Militello",1
"Musée Bourdelle",1
"Musicalement",1
"MusicMe",1
"Musicor",1
"Musicovery",1
"MUSIQUE EN LIGNE",1
"Musiques",1
"Mutualité",1
"Mutualité à Paris",1
"My Major Company",1
"Mylène Farmer",1
"Myspace France",1
"MySurround",1
"MyTF",1
"Naaba",1
"Nabaztag",1
"Nadine Gastaldi",1
"Nadine Trintignant",1
"Nadine Wahab",1
"Naffissatou Diallo",1
"Nagra",1
"Namur",1
"Nancy",1
"Nanterre",1
"Nantes Métropole",1
"Nantes-Atlantique",1
"Naspter",1
"Natalie Keris",1
"Nathalie Arthaud",1
"Nathalie Griesbeck",1
"Nathalie Kosicusko-Morizet",1
"Nation",1
"Nations",1
"Nature - Macmillan",1
"NE MIS EN CAUSE",1
"NE PAS OUBLIER LES SOUS-GROUPES RARES ET",1
"NE PAS SURREPRÉSENTER LES DOMINANTS",1
"NE PAYANTE EN CLAIR OU VICE-VERSA",1
"Necker",1
"Neflix",1
"Négocié",1
"Néguev",1
"Népal",1
"Ness",1
"Net Neutrality",1
"Netezza",1
"NETFLIC",1
"Neuf Télécom",1
"Neuf-SFR",1
"Neuilly",1
"Neutralité",1
"Neutralité du Net",1
"Neverland",1
"New York",1
"New Zealand Herald",1
"New Zealand Telecom",1
"Newsweek",1
"Newzbin",1
"Next INpact",1
"Nextradio TV",1
"NFBB",1
"Ni Hadopi",1
"NI UN COUP DE T",1
"Nicola Sirkis",1
"Nicolas D",1
"Nicolas d'Estienne d'Orves",1
"Nicolas Dupont-Aignant",1
"Nicolas Philibert",1
"Nicolas Poirier",1
"Nicolas Princen",1
"Nicolas Rossignol",1
"NICOLAS SARKOZY",1
"NICOLAS SARKOZY DONNE UN AN AUX PRODUCTEURS",1
"Nicolas Sarkozy François Hollande",1
"Nicolas Seydoux",1
"Nicolas Vanier",1
"Nicolas Vayatis",1
"Nicolas Voisin",1
"NicoNico Douga",1
"Nielsen",1
"Nier",1
"Nintendo France",1
"Niort",1
"NLLRI",1
"Nobels",1
"Noel",1
"Noël",1
"NOMBREUSES CRITIQUES",1
"Nominem",1
"Nommée",1
"NON AUX KOLKHOZES MUSICAUX",1
"NON AVÉRÉE",1
"Nora Berra",1
"Nord Sébastien Huygue",1
"Nord-Ouest",1
"Normal",1
"NORMALE",1
"Normale Sup",1
"Normalement",1
"Normalienne",1
"Norvège",1
"Norvégiens",1
"Nosdeputes",1
"Nosql",1
"Notez",1
"Nothomb",1
"Notre-Dames-des-Landes",1
"NOURRIR LA RÉFLEXION",1
"Nourris",1
"NOUS AVONS EU L",1
"NOUS SOMMES IMPATIENTS DE CONNA",1
"Nouveau Parti",1
"Nouveauté",1
"Nouveaux Médias à Reporters",1
"Nouvel Obs",1
"NPA",1
"NPS",1
"NRJ Music Awards",1
"NSC",1
"Nuit",1
"Nukem",1
"Numbers",1
"Numérique",1
"NUMÉRO UN DU BIG DATA",1
"Obélix",1
"Objet",1
"Objets",1
"OBLIGATION D",1
"OBLIGATION DE SÉCURISER SON ACC",1
"OBLIGER GOOGLE",1
"OBSERVATION",1
"OBSERVATOIRE DE LA MUSIQUE",1
"Observez",1
"OCCUPER L",1
"Office",1
"OffMarteens",1
"OFFRE LÉGALE",1
"Offrelégale",1
"OffTV",1
"Ofpra",1
"OIS HOLLANDE",1
"OIS MITTERRAND",1
"Old Billingsgate Market",1
"Oléane",1
"Olivier Barrot",1
"Olivier Esper",1
"Olivier Henrard",1
"Olivier Hugot",1
"Olivier Ihl",1
"Olivier Panis",1
"Olivier Poivre d'Arvor",1
"Olivier Pouliquen",1
"Olivier Stirn",1
"Olivier Thomas",1
"Olympic Café",1
"OMC",1
"OMNIPOTENCE ET DE L",1
"OMPI",1
"ON LAISSE CREVER UNE INDUSTRIE",1
"ON NE FERAIT PAS AUTREMENT",1
"Ondes",1
"ONT PAS TOUCHÉ UN CENTIME",1
"Open Access Gold",1
"Open Data",1
"Open Movie",1
"Open Rights Group",1
"OPEN SOURCE",1
"OpenBsd",1
"OpenDNS",1
"OpenOffice",1
"Opentransit",1
"Opéra",1
"Opéra à Paris",1
"OPÉRATIONNELLE MAIS PAS LANCÉE",1
"Opposé",1
"OPPOSITION DES SERVICES EN LIGNE",1
"OPTIMISATION ET LES CONTRAINTES ALGORITHMIQUES",1
"Orange Cinéma Séries",1
"Orange France",1
"Orange Musicstore",1
"ORANGE NIE LES ACCUSATIONS",1
"Orange-Deezer",1
"Ordre de Malte",1
"Orelsan",1
"Organisation des Nations",1
"ORGANISER DE MANI",1
"Organisme",1
"OSCE",1
"OU EN",1
"Ouest-France",1
"Ours",1
"OUTILS CLÉ EN MAIN ET RÉSEAUX SOCIAUX",1
"Outre MegaVideo",1
"Outre MM",1
"Outre-Atlantique",1
"Outre-Rhin",1
"Ouzbékistan",1
"Overblog",1
"Overseas",1
"Owni",1
"OWNI",1
"Oxymore",1
"P SURVEILLÉS EN PRIORITÉ",1
"PAC Online",1
"PAGES",1
"Pages Jaunes",1
"Pal Sarkozy",1
"Palais",1
"Pandore",1
"Panurge",1
"Papageno",1
"Paramount",1
"Parfois",1
"Pari",1
"Paris Match",1
"Paris Patrick Bloche",1
"Paris Plages",1
"Paris XI",1
"Paris-V-Descartes",1
"Parisiens",1
"Parité",1
"Parlement de Strasbourg à Bruxelles",1
"ParlementL",1
"PARMI LES PRINCIPALES CIBLES",1
"Partage",1
"PARTAGE DES R",1
"Partager",1
"Parti de Gauche",1
"Parti Komei",1
"Parti Pirate",1
"Partiellement",1
"Pas BitTorrent",1
"PAS CLAIR ET FLIPPANT",1
"PAS DE COUPURE DE LA CONNEXION",1
"PAS DE LABELLISATION AVANT PLUSIEURS MOIS",1
"PAS DE LOI",1
"PAS DE MOD",1
"PAS DE RAISON QUE CELA SOIT TOUJOURS LES CITOYENS QUI PAYENT",1
"PAS DE RECHERCHE PAR",1
"PAS DE SUPPRESSION POSSIBLE PAR UN MINIST",1
"PAS UN",1
"PAS UNE MARCHANDISE COMME LES AUTRES",1
"Pascal",1
"Pascal Canfin",1
"Pascal Durand",1
"PASCAL N",1
"Passage",1
"PASSAGE D",1
"Passages",1
"Passés",1
"Passons",1
"Pastehtml",1
"Pat",1
"Pathé",1
"Patrice",1
"Patrice Geoffron",1
"Patrice Leconte",1
"Patrice Poiraud",1
"Patrick Balkany",1
"Patrick Berche",1
"Patrick Binder",1
"Patrick Buisson",1
"Patrick Devedjian",1
"Patrick Le Hyaric",1
"Patrick Roger",1
"Patrick Waelbroeck",1
"Patrick Weil",1
"Patrick Zelnick",1
"Patrimoine",1
"Patriot Act",1
"Paul Blanc",1
"Paul Kalkbrenner",1
"Paul Krugman",1
"Paul-Sabatier",1
"Pauline Grimaldi d'Universal Pictures Video",1
"Paulo Branco",1
"Pc Inpact",1
"PC World",1
"PCF-Parti",1
"Pcinpact",1
"PDG d'Universal Music France",1
"PDG de Bouygues Telecom",1
"PDG de Canal",1
"PDG de DI Group",1
"PDG de Facebook",1
"PDG de France Télévisions",1
"PDG de Free",1
"PDG de la FNAC",1
"PDG de Publicis",1
"PDG de Radio France",1
"PDG de Trident Media Guard",1
"PDG de Vivendi",1
"PDG des Echos",1
"PDG du Monde Interactif",1
"PDG Patrick",1
"PDJ",1
"Peer",1
"PeerTV",1
"Pekin",1
"Penly",1
"People",1
"PÉRENNISATION DE MESURES DE SURVEILLANCE",1
"Périclès",1
"PERMETTRE LA GESTION DU RÉSEAU",1
"Pernambouc",1
"Person",1
"PERSONNALITÉ TR",1
"Persuadé",1
"Perturbée",1
"Perturbés",1
"Peshawar",1
"Peter Mandelson",1
"Petit-taf",1
"PÉTITION",1
"Petits",1
"PETITS",1
"PETITS OU GRANDS",1
"PEU FAVORABLE AU PRINCIPE DE RIPOSTE GRADUÉE",1
"Peugeot SA",1
"Phil",1
"Phil L",1
"Phil Lord",1
"Philip Goldberg",1
"Philip Seymour Hoffman",1
"Philippe Bas",1
"Philippe Djian",1
"Philippe Jannet",1
"Philippe Séguin",1
"Philippe Val",1
"Philosophie",1
"PHSB",1
"Pianiste",1
"Piasa",1
"PIB de l'Union",1
"Picasso",1
"Picasso Une",1
"Pieds",1
"Pierre Audoin Consultants",1
"Pierre Chassat",1
"Pierre Corvol",1
"Pierre Freyburger",1
"Pierre Joxe",1
"Pierre Laurent",1
"Pierre Lellouche",1
"Pierre Viot",1
"Pierre Viot à Gilles Jacob",1
"Pierre-André Wiltzer",1
"Pierre-Yves",1
"Pierre-Yves Bournazel",1
"Pierrot",1
"Pionnière",1
"Pipa",1
"Pirate",1
"Pis",1
"Pitbull",1
"Pixels",1
"PLACE",1
"Place de la Nation",1
"Plaidoyer",1
"PLAINTE POUR DISCRIMINATION POLITIQUE CLASSÉE",1
"Plan",1
"PLATEFORMES LÉGALES",1
"Playstation",1
"Playstation Move de Sony",1
"Playstation Store",1
"Plok",1
"PLUS DÉMOCRATIQUE",1
"Plus Internet",1
"PLUSIEURS PARTIS POUR UNE M",1
"PMP",1
"PO-SI-TI-VER Allez",1
"Pod Classic",1
"Pod-iTunes",1
"Pointe",1
"Poissy",1
"Poiuy",1
"Pol",1
"Polanski",1
"Pôle",1
"Politique",1
"POLITIQUE",1
"Politis",1
"POLLUTION",1
"PoLo",1
"Pont de la Concorde",1
"Pontifo",1
"Ponts",1
"Popcorn Time",1
"Popularisé",1
"Porsche",1
"Portable Multimedia Players",1
"Porté",1
"Portée",1
"Portées",1
"Portlandia",1
"Post",1
"Postes",1
"POUR LE MINISTRE DE LA CULTURE",1
"POUR LE PS",1
"POUR LES SÉRIES TV",1
"POUR OU CONTRE",1
"POUR UNE AUTRE IMAGE DE LA BANLIEUE",1
"POUR VIVRE HEUREUX",1
"Pourm",1
"Pourquoi Danny Boon",1
"Pourront",1
"Poutine",1
"Pouvoir",1
"Power",1
"PPE",1
"PQR",1
"Préfacé",1
"Préférant",1
"PREMIER PAYS TÉLÉCHARGEUR D",1
"Premières",1
"Prenant",1
"Présenté",1
"Présentés",1
"Président",1
"Président de la République",1
"Président Sarkozy",1
"Présidente de l'Hadopi",1
"Présidentielle",1
"Presse Citron",1
"Presstalis",1
"Prévue",1
"Primaire",1
"Princen",1
"Princesse de Clèves",1
"Principalement",1
"Principales",1
"Principaux",1
"PRIVILÉGIER LES HABITUDES",1
"Prix",1
"Pro Evolution Soccer",1
"Pro-Hadopi",1
"PROCÉDURE SIMPLIFIÉE POUR BLOQUER DES SITES",1
"Procédures",1
"Prochain",1
"Prochaine",1
"Proche de Patrick de Carolis",1
"Procureur de la République",1
"Profil",1
"PROFIL - L",1
"PROGRESSION DE LA VOD",1
"PROJET DE LOI CRUCIAL AUX ÉTATS-UNIS",1
"Projets",1
"Propofol",1
"Proportionnelle",1
"PROPORTIONNELLE",1
"Propos",1
"Proposée",1
"Proposer",1
"PROPOSITIONS",1
"PROSPECTION ET TRANSMISSION",1
"Protection",1
"PROTECTION LIMITÉE",1
"Protéger",1
"Proximamobile",1
"PS de l'Assemblée",1
"PS de l'Indre",1
"PS Didier Mathus",1
"PS François Hollande",1
"PS Patrick Bloche",1
"PS Sur",1
"PS-EELV",1
"PS-FN",1
"PS-Verts",1
"PSE",1
"Psychologiquement",1
"Public Knowledge",1
"Publiée",1
"Puerta",1
"Puis Patrick Devedjian",1
"Pupponi",1
"Pur",1
"Purevid",1
"PureVid",1
"PyMusique",1
"QG Potemkine",1
"Qiangba Puncog",1
"Qosmos",1
"QTFairUse",1
"Quadrature",1
"Quai d'Orsay",1
"QUALITÉ SUPÉRIEURE",1
"Quand à Megavideo",1
"Quand François Hollande",1
"Quand Frédéric Lefebvre",1
"Quant à Camille Pascal",1
"Quant à François Hollande",1
"Quasiment",1
"QUATRI",1
"Qube",1
"QUE LA HADOPI ÉTUDIE L",1
"QUE LA LOI FRAN",1
"QUE VEULENT",1
"Québec",1
"Quebecor",1
"Queensland",1
"QUELQUES RESSEMBLANCES",1
"Quelques-uns",1
"QUERELLE DE TERRITOIRES",1
"QUESTIONS-RÉPONSES Mesures",1
"QUI PAIERA",1
"QUI SERA LE PROCHAIN",1
"QUI VA PAYER",1
"Quid",1
"Quignaud",1
"QUITTER LES ORIPEAUX DE L",1
"Rachida Dati",1
"Radio France Politique",1
"Radiohead",1
"Raid",1
"Raincy",1
"Raleigh",1
"RALENTISSEMENTS CHEZ LA PLUPART DES FAI",1
"Ralph Lauren",1
"Rambouillet",1
"Raoult",1
"Raphaëlle Rérolle",1
"Rapidgames",1
"RapidGator",1
"Rapidmovies",1
"RapidShare",1
"Rappeur",1
"rapport Colin",1
"Rapport de M",1
"rapport Levy-Jouyet",1
"rapport Zelnick",1
"Rarement",1
"Rares",1
"Rassemblement",1
"Raté",1
"Ratiatium",1
"Raymond",1
"Raymond Forni",1
"RE CRYPTÉE VOIRE ANONYME",1
"RE DE L",1
"RE EMMANUELLI",1
"RE ÉTAPE",1
"RE GAY PRIDE",1
"RE SELON LES SONDÉS",1
"ReadWriteWeb",1
"Réaffirmant",1
"Réagir",1
"RÉAGIT",1
"Rebondissements",1
"REC",1
"RECENTRAGE",1
"Recherche",1
"Rechercher",1
"RÉCLAMER",1
"Réconcilions",1
"Reconnaissons-le",1
"Récré",1
"Rectificatifs",1
"Redécoupage",1
"Réduire",1
"Redwood Shores",1
"Reed Elsevier",1
"Reed Hastings",1
"RÉFÉRENT",1
"Réfléchissons",1
"Refonte",1
"RÉFORMER",1
"Refuznik",1
"Regarder",1
"Regardez",1
"Regardscitoyens",1
"Régie",1
"Régine",1
"Région",1
"Régulation",1
"Reims",1
"REJET DE LA LICENCE GLOBALE",1
"Rejeté",1
"Rejoignez-les",1
"Relakks",1
"Relative",1
"Relevons",1
"Relire",1
"Relisez",1
"Remarque",1
"REMENT VULNÉRABLE",1
"REMERCIEMENTS",1
"Rémunérer",1
"Rémy",1
"Rémy Cérésiani",1
"Renan Luce",1
"Renaud",1
"Rencontre",1
"Rendre",1
"Rendue",1
"René Bonnell",1
"René Rémond",1
"Rennes-I",1
"Rentré",1
"Réparation",1
"Repérer",1
"REPLAY",1
"Réponse de Jamendo",1
"RÉPONSE GRADUÉE",1
"Reportage à Madrid",1
"Reprocher",1
"République des Météors",1
"RÉPUBLIQUE ET INSTITUTIONS",1
"République François Mitterrand",1
"République Luiz Inacio Lula",1
"République Nicolas Sarkozy",1
"RER",1
"Rescapée",1
"Research",1
"RÉSEAUX DE P",1
"Réserve",1
"Resnais",1
"Respect",1
"RESPONSABILISER LES HÉBERGEURS",1
"RESPONSABILITÉ D",1
"Ressemer",1
"Restreindre",1
"Retard",1
"Rétention",1
"Réticents",1
"Retournement",1
"Rétropédalage",1
"Réunie",1
"Réunies à Paris",1
"Révélée",1
"Revendiqués",1
"Revenez",1
"Revenge",1
"Revenons-en",1
"Revigorés",1
"REVIREMENT SPECTACULAIRE",1
"Révolte",1
"Révolution",1
"Révolution Française",1
"RIA",1
"Richard",1
"Richard M",1
"Richard Patry",1
"Richard S",1
"Rick Shera",1
"Ridicule",1
"Ridiculiser",1
"Riendf",1
"RifRaf",1
"Rio",1
"RIPOSTE",1
"Ris-Orangis",1
"Risibles",1
"Rithy Panh",1
"Robert Favre Le Bret à Pierre Viot",1
"Robert Guédiguian",1
"Robert Guédiguian La VOD",1
"Robert Kyncl",1
"Robert Laffont",1
"Robert Rochefort",1
"Robert Thollot",1
"Robin",1
"Rocca",1
"Roch-Olivier Mestre",1
"Rochefort",1
"Rochelle",1
"Rodolphe Belmer",1
"Roger Karoutchi",1
"Roger Rossi",1
"Rohff",1
"Rois",1
"Roissy",1
"Roland Barthes",1
"Roland Garros",1
"Rôle",1
"Romain Rivière",1
"Romano Prodi",1
"Rondot",1
"Rose",1
"Roulement",1
"Rovio",1
"ROYAL",1
"Royal Society",1
"Royale",1
"Roynette",1
"RPR",1
"RSA",1
"RSOUIN",1
"RTBF",1
"RTL",1
"RUDE BATAILLE SUR LA GESTION DES DROITS",1
"Rue de Solférino",1
"Russe",1
"Russie",1
"Rynn",1
"S CHANTIERS DE LA CULTURE",1
"S CONSENSUELLE",1
"S DU",1
"S ET NON RÉGULER LES CONTENUS",1
"S HADOPI",1
"S PROCHE DE CELUI DE FREE",1
"S SIMPLIFIÉE",1
"S SOMMAIRE",1
"Sabam",1
"SACD-SCAM",1
"SACEM",1
"Sacem-Adami",1
"Sachant",1
"Saclay",1
"SAF",1
"Sagissant",1
"Saint-Denis",1
"Saint-Etienne",1
"Saint-Nom-la-Bretèche",1
"Saisi",1
"Saisie",1
"Saisir",1
"Saison",1
"Salarié du Festival",1
"Sale",1
"Salle Colbert",1
"Saluons",1
"Salut",1
"Sam",1
"Samup",1
"SAMUP",1
"SANS VRAI DÉBAT",1
"Santé",1
"Saône",1
"SAP",1
"SAP France",1
"SAP Hana",1
"Sarkoboy",1
"Sarkozy Du",1
"Sarkozy-Le Pen",1
"Sarre",1
"Satellifax",1
"Savoie Dominique Dord",1
"Scandal",1
"Sceptiques",1
"Schmidt",1
"Schmitz",1
"Schuepbach",1
"Science",1
"Sciences Po",1
"SDRM",1
"SDSD",1
"SE DISTINGUER DES TRAVAILLISTES",1
"SE FAIRE UNE PLACE AUX C",1
"SE POSER EN DÉFENSEUR DES INTERNAUTES",1
"Sebastien",1
"Sébastien Fontaine",1
"Sébastien Huygue",1
"Sébastien Lapaque",1
"Secours",1
"Sécu",1
"Sécuriser",1
"Sedif",1
"Séguéla",1
"Seignosse",1
"Seita",1
"Sell",1
"SELON FREE",1
"SELON L",1
"SELON LE BILAN",1
"SELON LES OPÉRATEURS",1
"SELON M",1
"SEMAINE NUMÉRIQUE",1
"Semences",1
"Senat",1
"Sénat Jean-Pierre Bel",1
"Sénat Michel Thollière",1
"Sentinelles",1
"Séparer",1
"Septembre",1
"Septième Art",1
"Serais-je",1
"Séraphine",1
"Serge Abiteboul",1
"Serge B",1
"Serge Daney",1
"Serge Gainsbourg",1
"Serge July",1
"Serge Teyssot-Gay",1
"Serge Toubiana",1
"Sergio Coronado",1
"SÉRIE DE REBONDISSEMENTS",1
"SÉRIEUSEMENT MINÉE",1
"Sermon",1
"Serpent",1
"Services",1
"SERVICES - Veolia",1
"SES OBLIGATIONS",1
"Session",1
"Seuil",1
"Seul Europe Ecologie-Les Verts",1
"Seul Google",1
"Seule Fleur Pellerin",1
"Seulement",1
"Seuls Megaupload",1
"Sèvres",1
"SHANGHA",1
"Shanghai Pride",1
"Share",1
"Sharknado",1
"Shawn Parker",1
"Sheitan",1
"Shi Tao",1
"Si AlloshowTV",1
"Si François Hollande",1
"Si Jean Dupont",1
"SI LE CSA NOUS CHERCHE",1
"Si M",1
"Si Marc Dorcel",1
"Si Martine Aubry",1
"Si Mme Le Pen",1
"Si Netflix",1
"Si NKM",1
"SI ON VOULAIT INSTAURER UN RÉGIME",1
"Si Orange Cinéma Séries",1
"Si Versailles",1
"Siècle",1
"Signataire du Pacte",1
"Signature",1
"Silicani",1
"Silicon",1
"Silicon Marshes",1
"Silva",1
"Silvio Berlusconi",1
"Sim",1
"Simon",1
"Simple",1
"Simplement",1
"SIMPLES RAPPELS",1
"Sinde",1
"Singapour",1
"SITES",1
"SITES MUSICAUX CHERCHENT ÉQUILIBRE",1
"SITES PIRATES",1
"Sitôt",1
"Situation",1
"Situé",1
"Skoda",1
"Skrill",1
"Skyblog",1
"Skype",1
"Skyrock",1
"Sliders",1
"Slovaquie",1
"Slyck",1
"SMAD",1
"SNCF",1
"Snep",1
"Snowden",1
"SOCIAL",1
"Socialistes",1
"Société du Grand Paris",1
"Sociologiquement",1
"Sofiprotéol",1
"Sofitel",1
"Soir",1
"Soit Wizzgo",1
"Sol",1
"Solarus",1
"Solicité",1
"Sollicitée",1
"Some Rights Reserved'",1
"Sommet",1
"Songez",1
"Sonner",1
"Sons",1
"Sony Connect",1
"Sony Reader",1
"Sony-BMG",1
"Sopa",1
"Sophie",1
"Sorti",1
"SOS Racisme",1
"Sosh d'Orange",1
"Soubise",1
"Soucieux",1
"Sourire",1
"SOUS SURVEILLANCE",1
"Sous-entendu",1
"SOUS-PRODUIT",1
"Soutien",1
"Spartacus",1
"SPD",1
"Spécialisé",1
"Spécialisée",1
"SpeedTest",1
"Sphinx",1
"Spice Girls",1
"Spiegel",1
"Spiil",1
"SPIIL",1
"Spleen",1
"Springer",1
"SQL",1
"SRC",1
"SSH",1
"SSL",1
"Stallman",1
"Stanford",1
"Starship Troopers",1
"Stefan",1
"Steno",1
"Stephan Bole",1
"Stephan Bourdoiseau",1
"Stéphan Clémençon",1
"Stephan Ramoin",1
"Stéphane Bern",1
"Stéphane Clément",1
"Stéphane Guillon",1
"Stéphane Hessel",1
"Stéphane Le Foll",1
"Stéphane Le Tavernier",1
"Stéphanie",1
"Stephrparis",1
"Stevens Le Blond",1
"STIC",1
"Stock",1
"StopDRM",1
"Stratégie",1
"Street Art",1
"Street Fighter",1
"STUPEUR DE LA SACEM",1
"Stuxnet",1
"Sud",1
"Suguenot",1
"Suisse",1
"Suit",1
"Sun Valley",1
"Sunde",1
"SUR INTERNET",1
"SUR JAMENDO",1
"Suren",1
"Suren Ter",1
"SURÉVALUATION DES CAPACITÉS DE CONTR",1
"SURFONS CACHÉ",1
"Surnommées",1
"Surpris",1
"Surveillance",1
"Survivor",1
"Sus",1
"Suspendre",1
"Suspension",1
"SUSPENSION DE L",1
"SVEN",1
"Svenska Dagbladet",1
"SVM",1
"SVOD",1
"Sylvain CHAMPLOIX",1
"Sylvain Dejean",1
"Sylvain N",1
"Sylvester Stalone",1
"Sylvia Zappi",1
"Sylvie Goulard",1
"Symantec",1
"Syndicat National de l'Edition Phonographique",1
"Syntec",1
"T DE CENDRES",1
"T QU",1
"Tadashi Yanai",1
"Tardivement",1
"Tariq Krim",1
"Tarn",1
"Tarn Bernard Carrayon",1
"Tartuffe",1
"Taviani",1
"Taxer",1
"Taxer Google",1
"TE DE PANDORE",1
"TE LES MÉDIAS DE QUARTIER S",1
"TE NI UN COUP DE SANG",1
"Tea Party",1
"Techeye",1
"TechEye",1
"Techniquement",1
"Télécom",1
"Télécom Paris Tech",1
"Telecom ParisTech",1
"Téléthon",1
"Télévisions",1
"TENANTS D",1
"Tenir",1
"Tentatives",1
"TER LES GENS",1
"Ter Suren",1
"Tera",1
"Terra",1
"Terra Nova",1
"TÉS DE GILLES JACOB",1
"TÉS DE L",1
"Texas",1
"Texel",1
"Texte",1
"TEXTE",1
"TGI",1
"TGI de Paris",1
"TGV",1
"TGV Est",1
"Thaïlande Procès à Bangkok",1
"Thaima Samman",1
"Thales",1
"The Artist",1
"The Atlantic",1
"The Center",1
"The Greatest Love",1
"The Hijacking",1
"The Internets",1
"The Master Switch",1
"The Voice",1
"The Wire",1
"Théodule",1
"Thibault",1
"Thibaut",1
"Thierry",1
"Thierry Breton",1
"Thierry Frémaux",1
"Thierry Frémeaux",1
"Thierry Mariani",1
"Thieulin",1
"Thollot",1
"Thomas",1
"Thomas Fersen",1
"Thomas Lacoste",1
"Thomas Piketty",1
"Thomas Sotinel",1
"Thomson Reuters",1
"Thomson TO",1
"Thomson-Reuters",1
"Thunderbird",1
"Tibéhirine",1
"Tiberi",1
"Tibet",1
"TIBET Padma Choling",1
"Tim",1
"Tim Burton",1
"Tim Godsall",1
"Time",1
"Timone à Marseille",1
"Tiny Furniture",1
"Titanic",1
"Tokyoboy",1
"Tom",1
"Tom Waits",1
"Toomaï",1
"TOR",1
"Torrent Transport Protocol",1
"Torrentfreak",1
"Toto",1
"Tottenham",1
"Toubon",1
"Toulon",1
"Tournant",1
"Tournesol",1
"Tout-le-Monde",1
"TOUTES LES DÉPENSES SERONT FINANCÉES",1
"Traçant",1
"Tragédie",1
"Transformers",1
"Transparency",1
"Transports",1
"Trautmann",1
"Travail",1
"TRE",1
"TRE LES ARTISTES RÉELLEMENTS PROTÉGÉS",1
"Treme",1
"Trésor",1
"Tribunal",1
"Tribune Aurélie Filippetti",1
"Tribune Face",1
"Triple",1
"Trocadéro",1
"Trois Grâces",1
"TROIS MOIS POUR PALLIER LES LACUNES",1
"Trompette",1
"Trophée Andros",1
"Trouver",1
"TROUVER UN",1
"Trovicor",1
"TS PLUT",1
"Tsoin-tsoin",1
"TST",1
"TST-D",1
"TTC",1
"TTO",1
"Tuileries",1
"TuNi",1
"Tunis",1
"Tunisie",1
"Tunisiens",1
"Turkménistan",1
"Turquie Lemonde",1
"Tutsis",1
"Tv-replay",1
"TVA-protection",1
"Twin Peaks",1
"Twitter - LeMonde",1
"Twittter",1
"Twittweilergate",1
"Ubisoft",1
"Ubuntu",1
"Udecam",1
"UDF François Bayrou",1
"UDI",1
"UFC Que-choisir",1
"UMP-FN",1
"UN BON COMPLÉMENT",1
"UN BUDGET EN RECUL",1
"UN COUP DE MASSUE",1
"UN DÉBAT RÉDUIT",1
"UN DIALOGUE ENTRE VLC ET SONY",1
"UN DISCOURS",1
"UN DISCOURS PAS",1
"UN DROIT",1
"UN ENGAGEMENT FORT",1
"UN FORFAIT MENSUEL PAYÉ PAR TOUS",1
"UN INTERNAUTE",1
"UN JUGE VOULU DANS LA LOI",1
"UN MÉCANISME MOYENNEMENT EFFICACE",1
"UN MOD",1
"UN NOUVEL IMP",1
"UN OBJECTIF DE",1
"UN OBSERVATOIRE",1
"UN PETIT SALON",1
"UN PRÉCÉDENT EN FÉVRIER",1
"UN PROCÉDÉ ARTISANAL",1
"UN PROGRAMME PEU CENTRÉ SUR LE WEB",1
"UN PROJET DE LICENCE GLOBALE POUR LES VERTS",1
"UN PROTOCOLE MENACÉ PAR LE STREAMING",1
"UN R",1
"UN RÉGULATEUR",1
"UN SERVICE DE TÉLÉCHARGEMENT PUBLIC",1
"UN STATU QUO POUR VLC",1
"UN SYNDICAT CONTESTÉ",1
"UN TH",1
"UN TRAVAIL D",1
"UN VRAI CAPITAINE",1
"UNE AMENDE",1
"UNE ANNÉE",1
"UNE APPROCHE PARALL",1
"Une Assemblée",1
"UNE ASSEMBLÉE OUVERTE",1
"UNE AUTORITÉ QUI S",1
"UNE AUTRE RÉGULATION",1
"UNE BR",1
"UNE CARTE DE TÉLÉCHARGEMENT POUR LES JEUNES",1
"UNE CATASTROPHE ÉLECTORALE",1
"UNE CHA",1
"UNE COMPOSITION CRITIQUÉE",1
"UNE CONSULTATION CONTESTÉE",1
"UNE DÉCISION",1
"UNE DES CLÉS DU DEUXI",1
"UNE DOUBLE BULLE SCIENTIFIQUE ET SPÉCULATIVE",1
"UNE ENVELOPPE DE",1
"UNE EXPRESSION POPULARISÉE LORS DES DÉBATS SUR L",1
"UNE FEMME PRÉSIDENTE",1
"UNE FERMETURE",1
"UNE FUSION DÉJ",1
"UNE GUÉRILLA",1
"Une Haute Autorité",1
"UNE IDÉE ABSENTE DU PROGRAMME FN",1
"UNE INCERTITUDE POUR LES INTERNAUTES",1
"UNE INTELLIGENCE STRATÉGIQUE ET UNE INTELLIGENCE ARTISTIQUE",1
"UNE INTERACTIVITÉ TR",1
"UNE LIGNE RÉPRESSIVE",1
"UNE LOI CONTROVERSÉE",1
"UNE LOI PLUS EQUILIBRÉE ET RÉALISTE ÉTAIT POSSIBLE AVEC L",1
"UNE MAJORITÉ DE",1
"UNE MINORITÉ DE PERSONNES ALIMENTENT BITTORRENT",1
"UNE MISSION CRITIQUÉE",1
"UNE NEUTRALITÉ DES SERVICES",1
"UNE OFFRE LÉGALE TROP CH",1
"UNE POSITION QUI ÉVOLUE",1
"UNE POSSIBLE DOUBLE PEINE",1
"UNE PRÉSIDENCE LONGTEMPS TRANSMISE EN INTERNE",1
"UNE PROCÉDURE TR",1
"UNE RÉMUNÉRATION",1
"UNE REPRISE EN MAIN",1
"UNE RESPONSABLE",1
"UNE UTILITÉ",1
"Unedic Entrée",1
"Unesco à Paris",1
"Uniqlo",1
"Uniquement",1
"Univers",1
"Univers Freebox",1
"Universal Music Publishing",1
"Universal Music Web",1
"Universalmusic",1
"Universciné",1
"UniversCiné",1
"Université de Rennes",1
"UNSA France Télécom-Orange",1
"UPC Broadband",1
"Urgence",1
"URGENCE",1
"URGENCE ÉLECTORALE",1
"URSS",1
"Usant",1
"Usurpation",1
"Utilisation",1
"Utiliser",1
"UTILITÉ DE COMPLÉTER LA LÉGISLATION",1
"Utodeb",1
"UVRE",1
"UVRE DE L",1
"UVRES",1
"VA LE",1
"VàD",1
"Vaillant",1
"Vaizey",1
"Val",1
"Val-de-Marne",1
"Valérie Pécresse",1
"Valérie Rosso-Debord",1
"Valérie Trierweiler",1
"Valmy",1
"Vanneste",1
"Varda",1
"Variété",1
"Vaste",1
"Vatican",1
"VDSL",1
"VE FRAN",1
"VEILLER",1
"Vélib",1
"VENIR",1
"Vente-privée",1
"Venu du Japon",1
"Verdun",1
"Verhofstadt",1
"VÉRITABLE ADVERSAIRE",1
"Vérité",1
"Véronique",1
"Véronique Cayla",1
"Véronique Genest",1
"VERS D",1
"VERS UN FUTUR EN STREAMING",1
"VERS UN SYST",1
"VERS UNE LOI HADOPI",1
"VERS UNE NOUVELLE GUERRE DES PRIX",1
"Vertica",1
"Verts à Paris",1
"VHS",1
"Victoire",1
"Victor",1
"Victor Hugo",1
"Vidalies",1
"VIDALIES DEUX RANGS DERRI",1
"Videoavolonte",1
"VideoBB",1
"VidéoBB",1
"Videolan",1
"VideoLAN Client",1
"Videozer",1
"VIe",1
"Vieille",1
"Viendra",1
"Vienne",1
"VIGIES CONTRAINTES DU LÉGISLATEUR",1
"Villa Médicis",1
"Villeneuve-sur-Lot",1
"Villiers",1
"Vince",1
"Vince Cable",1
"Vincent Bolloré",1
"Vincent Destival",1
"Vincent Dubois",1
"Vincent Duclert",1
"Vincent T",1
"Vincent Tolédano",1
"Vingt-quatre",1
"Violette Nozière",1
"Virgin Mega",1
"Visa",1
"Vite",1
"Vitesse",1
"Vivaldi",1
"Vivendi Music",1
"Vivendi-SFR",1
"Vivendi-Universal",1
"Viviane Reding",1
"Vivre",1
"VOD de Google",1
"VOD de MSN",1
"VOD du Luxembourg",1
"Vodafone",1
"Voilà Feydeau",1
"Voire",1
"Voix",1
"Volkswagen",1
"Volontiers",1
"Voltimum",1
"Volume",1
"Vosges",1
"VOSTfr",1
"VOTE UTILE",1
"Voter",1
"Voulu",1
"VOX",1
"Voyez",1
"VRE MONTE",1
"Vuitton",1
"Waelbroeck",1
"Waffen SS",1
"Wall Street Journal",1
"Wallen",1
"Warez",1
"WBA",1
"We Fight Censorship",1
"Web de l'UMP",1
"Web Google",1
"WEB LA LOI CRÉATION ET INTERNET RISQUE DE SE HEURTER AU CONSEIL CONSTITUTIONNEL",1
"Webs",1
"Week",1
"What It Seemed",1
"Wifi",1
"WiFi",1
"Wii",1
"Wikibon",1
"Wild Bunch à Luc Besson",1
"Wiley-Blackwell",1
"Will",1
"Wimax",1
"Winehouse",1
"WintermeW",1
"Wissam",1
"Witbe",1
"Wizzgo",1
"WMA",1
"Woerth",1
"Wolters Kluwer Health",1
"Wolton",1
"Wormee",1
"Wyoming",1
"Xavier Beulin",1
"Xavier Couture",1
"Xavier Darcos",1
"Xavière Tiberi",1
"XBox",1
"Xbox de Microsoft",1
"XIVe",1
"XIXe",1
"XL Recordings",1
"XVIIIe",1
"Y A EU AUCUN CONTACT OFFICIEL",1
"Yade",1
"Yagg",1
"Yann",1
"Yannick Favennec",1
"Yannick Noah",1
"Yeti",1
"Yoann",1
"Yoël Forterre",1
"Yonne",1
"YouHaveDownloaded",1
"YOUTUBE",1
"YouTube Converter",1
"YouTube Lyrics",1
"Yuko Mori",1
"Yvan Lachaud",1
"Yves Albarello",1
"Yves Chilliard",1
"Yves Cochet",1
"Yves Eudes",1
"Yves Leterme",1
"Yves Riesel",1
"Zapatero",1
"Zazie",1
"Zdnet",1
"Zénith de Paris",1
"Zéphir",1
"Zéphir à Cayenne",1
"Zola",1
"Zorglub",1
"Zune",1
